ticker,sector,total_concepts,revenue,cogs,gross_profit,ebit,ebitda,net_income,cfo,capex,fcf,interest_expense,dividends_paid,buybacks,debt_repaid,total_assets,total_liabilities,equity,current_assets,current_liabilities,working_capital,retained_earnings,cash,total_debt,preferred_equity,shares_outstanding,receivables,net_ppe,sga,coverage_pct,screenable,missing_core
A,Healthcare,770,OK,OK,OK,OK,OK,OK,OK,OK,OK,OK,OK,OK,OK,OK,OK,OK,OK,OK,OK,OK,OK,OK,OK,OK,OK,OK,OK,100.0,True,
AAPL,Technology,503,OK,OK,OK,OK,OK,OK,OK,OK,OK,OK,OK,OK,OK,OK,OK,OK,OK,OK,OK,OK,OK,OK,MISSING,OK,OK,OK,OK,96.3,True,
ABBV,Healthcare,454,OK,OK,OK,OK,OK,OK,OK,OK,OK,OK,OK,OK,OK,OK,OK,OK,OK,OK,OK,OK,OK,OK,MISSING,OK,OK,OK,OK,96.3,True,
ABNB,Consumer,361,OK,OK,OK,OK,OK,OK,OK,THIN,THIN,OK,MISSING,OK,OK,OK,OK,OK,OK,OK,OK,OK,OK,OK,MISSING,MISSING,MISSING,OK,OK,85.2,True,
ABT,Healthcare,476,OK,OK,OK,OK,OK,OK,OK,OK,OK,OK,OK,OK,OK,OK,OK,OK,OK,OK,OK,OK,OK,OK,OK,OK,OK,OK,OK,100.0,True,
ACGL,Financials,562,OK,N/A,N/A,OK,OK,OK,OK,OK,OK,OK,THIN,OK,MISSING,OK,OK,OK,N/A,N/A,N/A,OK,OK,MISSING,OK,OK,MISSING,MISSING,OK,85.2,True,
ACN,Technology,451,OK,OK,OK,OK,OK,OK,OK,OK,OK,OK,OK,OK,THIN,OK,OK,OK,OK,OK,OK,OK,OK,OK,MISSING,MISSING,OK,OK,OK,92.6,True,
ADBE,Technology,559,OK,OK,OK,OK,OK,OK,OK,OK,OK,OK,MISSING,OK,OK,OK,OK,OK,OK,OK,OK,OK,OK,OK,OK,OK,OK,OK,OK,96.3,True,
ADI,Technology,680,OK,OK,OK,OK,OK,OK,OK,OK,OK,OK,OK,OK,OK,OK,OK,OK,OK,OK,OK,OK,OK,THIN,OK,OK,OK,OK,OK,100.0,True,
ADM,Consumer,671,OK,OK,OK,OK,OK,OK,OK,OK,OK,OK,OK,OK,OK,OK,OK,OK,OK,OK,OK,OK,OK,OK,MISSING,MISSING,OK,OK,OK,92.6,True,
ADP,Industrials,683,OK,OK,OK,OK,OK,OK,OK,MISSING,MISSING,OK,OK,OK,OK,OK,OK,OK,OK,OK,OK,OK,OK,OK,OK,OK,OK,OK,OK,92.6,True,
ADSK,Technology,629,OK,OK,OK,OK,OK,OK,OK,OK,OK,OK,OK,OK,MISSING,OK,OK,OK,OK,OK,OK,OK,OK,OK,OK,OK,OK,OK,OK,96.3,True,
AEE,Utilities,569,OK,MISSING,MISSING,OK,OK,OK,OK,OK,OK,OK,OK,THIN,MISSING,OK,OK,OK,OK,OK,OK,OK,OK,OK,THIN,OK,OK,OK,MISSING,85.2,True,
AEP,Utilities,633,OK,MISSING,MISSING,OK,OK,OK,OK,OK,OK,OK,OK,MISSING,OK,OK,OK,OK,OK,OK,OK,OK,OK,OK,MISSING,OK,OK,OK,MISSING,81.5,True,
AES,Utilities,771,OK,OK,OK,OK,OK,OK,OK,OK,OK,OK,OK,OK,MISSING,OK,OK,OK,OK,OK,OK,OK,OK,MISSING,OK,OK,OK,OK,OK,92.6,True,
AFL,Financials,601,OK,N/A,N/A,OK,OK,OK,OK,MISSING,MISSING,OK,OK,OK,OK,OK,OK,OK,N/A,N/A,N/A,OK,OK,MISSING,MISSING,OK,MISSING,OK,OK,81.5,True,
AIG,Financials,950,OK,N/A,N/A,OK,OK,OK,OK,OK,OK,OK,OK,OK,OK,OK,OK,OK,N/A,N/A,N/A,OK,OK,OK,OK,OK,MISSING,OK,OK,96.3,True,
AIZ,Financials,800,OK,N/A,N/A,OK,OK,OK,OK,OK,OK,OK,OK,OK,OK,OK,OK,OK,N/A,N/A,N/A,OK,OK,OK,OK,OK,MISSING,OK,OK,96.3,True,
AJG,Financials,522,OK,N/A,N/A,OK,OK,OK,OK,OK,OK,OK,OK,OK,THIN,OK,OK,OK,N/A,N/A,N/A,OK,OK,OK,MISSING,OK,THIN,OK,MISSING,92.6,True,
AKAM,Technology,546,OK,OK,OK,OK,OK,OK,OK,OK,OK,OK,MISSING,OK,OK,OK,OK,OK,OK,OK,OK,OK,OK,MISSING,OK,OK,OK,OK,OK,92.6,True,
ALB,Materials,683,OK,OK,OK,OK,OK,OK,OK,OK,OK,OK,OK,OK,OK,OK,OK,OK,OK,OK,OK,OK,OK,OK,THIN,OK,OK,OK,OK,100.0,True,
ALGN,Healthcare,514,OK,OK,OK,OK,OK,OK,OK,OK,OK,THIN,MISSING,OK,MISSING,OK,OK,OK,OK,OK,OK,OK,OK,MISSING,OK,OK,OK,OK,OK,88.9,True,
ALL,Financials,702,OK,N/A,N/A,THIN,THIN,OK,OK,OK,OK,OK,OK,OK,OK,OK,OK,OK,N/A,N/A,N/A,OK,OK,OK,OK,OK,MISSING,OK,MISSING,92.6,True,
ALLE,Industrials,484,OK,OK,OK,OK,OK,OK,OK,OK,OK,OK,OK,OK,OK,OK,OK,OK,OK,OK,OK,OK,OK,OK,MISSING,OK,OK,OK,OK,96.3,True,
AMAT,Technology,709,OK,OK,OK,OK,OK,OK,OK,OK,OK,OK,OK,OK,OK,OK,OK,OK,OK,OK,OK,OK,OK,OK,OK,OK,OK,OK,OK,100.0,True,
AMCR,Materials,547,OK,OK,OK,OK,OK,OK,OK,OK,OK,OK,OK,OK,OK,OK,OK,OK,OK,OK,OK,OK,OK,OK,MISSING,OK,OK,OK,OK,96.3,True,
AMD,Technology,781,OK,OK,OK,OK,OK,OK,OK,OK,OK,OK,MISSING,OK,OK,OK,OK,OK,OK,OK,OK,OK,OK,OK,MISSING,OK,OK,OK,OK,92.6,True,
AME,Industrials,528,OK,OK,OK,OK,OK,OK,OK,OK,OK,OK,OK,OK,OK,OK,OK,OK,OK,OK,OK,OK,OK,OK,OK,OK,OK,OK,OK,100.0,True,
AMGN,Healthcare,475,OK,OK,OK,OK,OK,OK,OK,OK,OK,OK,OK,OK,OK,OK,OK,OK,OK,OK,OK,OK,OK,OK,MISSING,OK,OK,OK,OK,96.3,True,
AMP,Financials,773,OK,N/A,N/A,OK,OK,OK,OK,OK,OK,OK,OK,OK,OK,OK,OK,OK,N/A,N/A,N/A,OK,OK,MISSING,MISSING,OK,THIN,OK,OK,92.6,True,
AMT,REIT,702,OK,N/A,N/A,OK,OK,OK,OK,OK,OK,OK,OK,OK,OK,OK,OK,OK,N/A,N/A,N/A,OK,OK,OK,THIN,OK,OK,OK,OK,100.0,True,
AMZN,Consumer,545,OK,OK,OK,OK,OK,OK,OK,OK,OK,OK,MISSING,OK,OK,OK,OK,OK,OK,OK,OK,OK,OK,OK,OK,OK,OK,OK,OK,96.3,True,
ANET,Technology,449,OK,OK,OK,OK,OK,OK,OK,OK,OK,THIN,MISSING,OK,MISSING,OK,OK,OK,OK,OK,OK,OK,OK,THIN,OK,OK,OK,OK,OK,92.6,True,
AON,Financials,621,OK,N/A,N/A,OK,OK,OK,OK,OK,OK,OK,OK,OK,OK,OK,OK,OK,N/A,N/A,N/A,OK,OK,OK,MISSING,OK,OK,OK,MISSING,92.6,True,
AOS,Industrials,510,OK,OK,OK,OK,OK,OK,OK,OK,OK,OK,OK,OK,OK,OK,OK,OK,OK,OK,OK,OK,OK,OK,OK,OK,OK,OK,OK,100.0,True,
APA,Energy,360,MISSING,MISSING,MISSING,OK,OK,OK,OK,THIN,THIN,OK,OK,OK,MISSING,OK,OK,OK,OK,OK,OK,OK,OK,OK,MISSING,OK,OK,OK,OK,81.5,False,revenue
APD,Materials,824,OK,OK,OK,OK,OK,OK,OK,OK,OK,OK,OK,OK,OK,OK,OK,OK,OK,OK,OK,OK,OK,OK,MISSING,OK,OK,OK,OK,96.3,True,
APH,Technology,450,OK,OK,OK,OK,OK,OK,OK,OK,OK,OK,OK,OK,OK,OK,OK,OK,OK,OK,OK,OK,OK,OK,MISSING,OK,OK,OK,OK,96.3,True,
APO,Financials,353,OK,N/A,N/A,OK,OK,OK,OK,MISSING,MISSING,OK,OK,OK,OK,OK,OK,OK,N/A,N/A,N/A,OK,OK,OK,THIN,THIN,MISSING,MISSING,MISSING,81.5,True,
APP,Technology,372,OK,OK,OK,OK,OK,OK,OK,OK,OK,OK,MISSING,OK,OK,OK,OK,OK,OK,OK,OK,OK,OK,OK,OK,OK,OK,OK,OK,96.3,True,
APTV,Consumer,601,OK,OK,OK,OK,OK,OK,OK,OK,OK,OK,OK,OK,OK,OK,OK,OK,OK,OK,OK,OK,OK,OK,OK,OK,OK,OK,OK,100.0,True,
ARE,REIT,508,OK,N/A,N/A,MISSING,MISSING,OK,OK,OK,OK,OK,OK,THIN,MISSING,OK,OK,OK,N/A,N/A,N/A,THIN,OK,OK,OK,OK,OK,OK,OK,88.9,True,
ARES,Financials,368,OK,N/A,N/A,OK,OK,OK,OK,OK,OK,OK,MISSING,MISSING,MISSING,OK,OK,OK,N/A,N/A,N/A,OK,OK,MISSING,OK,OK,MISSING,MISSING,OK,77.8,True,
ATO,Utilities,555,OK,OK,OK,OK,OK,OK,OK,OK,OK,OK,OK,MISSING,OK,OK,OK,OK,OK,OK,OK,OK,OK,OK,MISSING,OK,OK,OK,MISSING,88.9,True,
AVB,REIT,425,OK,N/A,N/A,OK,OK,OK,OK,OK,OK,OK,OK,OK,MISSING,OK,OK,OK,N/A,N/A,N/A,OK,OK,OK,OK,OK,MISSING,MISSING,OK,88.9,True,
AVGO,Technology,432,OK,OK,OK,OK,OK,OK,OK,OK,OK,OK,OK,OK,OK,OK,OK,OK,OK,OK,OK,OK,OK,OK,OK,OK,OK,OK,OK,100.0,True,
AVY,Materials,640,OK,OK,OK,OK,OK,OK,OK,OK,OK,OK,OK,OK,OK,OK,OK,OK,OK,OK,OK,OK,OK,OK,MISSING,OK,OK,OK,OK,96.3,True,
AWK,Utilities,599,OK,MISSING,MISSING,OK,OK,OK,OK,OK,OK,OK,OK,OK,OK,OK,OK,OK,OK,OK,OK,OK,OK,OK,THIN,OK,OK,OK,MISSING,88.9,True,
AXON,Industrials,551,OK,OK,OK,OK,OK,OK,OK,OK,OK,THIN,MISSING,OK,THIN,OK,OK,OK,OK,OK,OK,OK,OK,OK,OK,OK,THIN,OK,OK,96.3,True,
AXP,Financials,667,OK,N/A,N/A,OK,OK,OK,OK,OK,OK,OK,OK,OK,OK,OK,OK,OK,N/A,N/A,N/A,OK,OK,OK,OK,OK,OK,OK,MISSING,96.3,True,
AZO,Consumer,565,OK,OK,OK,OK,OK,OK,OK,OK,OK,OK,MISSING,OK,OK,OK,OK,OK,OK,OK,OK,OK,OK,OK,OK,OK,OK,OK,OK,96.3,True,
BA,Industrials,742,OK,OK,OK,OK,OK,OK,OK,OK,OK,OK,OK,OK,OK,OK,OK,OK,OK,OK,OK,OK,OK,OK,MISSING,OK,OK,OK,OK,96.3,True,
BAC,Financials,891,OK,N/A,N/A,OK,OK,OK,OK,MISSING,MISSING,OK,OK,OK,OK,OK,OK,OK,N/A,N/A,N/A,OK,OK,OK,OK,OK,MISSING,OK,MISSING,85.2,True,
BALL,Materials,570,OK,OK,OK,OK,OK,OK,OK,OK,OK,OK,OK,OK,OK,OK,OK,OK,OK,OK,OK,OK,OK,OK,MISSING,OK,OK,OK,OK,96.3,True,
BAX,Healthcare,775,OK,OK,OK,OK,OK,OK,OK,OK,OK,OK,OK,OK,OK,OK,OK,OK,OK,OK,OK,OK,OK,OK,MISSING,OK,OK,OK,OK,96.3,True,
BBY,Consumer,578,OK,OK,OK,OK,OK,OK,OK,OK,OK,OK,OK,OK,OK,OK,OK,OK,OK,OK,OK,OK,OK,OK,OK,OK,OK,OK,OK,100.0,True,
BDX,Healthcare,542,OK,OK,OK,OK,OK,OK,OK,OK,OK,OK,OK,OK,OK,OK,OK,OK,OK,OK,OK,OK,OK,OK,OK,OK,OK,OK,OK,100.0,True,
BEN,Financials,663,OK,N/A,N/A,OK,OK,OK,OK,OK,OK,OK,OK,OK,OK,OK,OK,OK,N/A,N/A,N/A,OK,OK,OK,OK,OK,OK,OK,OK,100.0,True,
BF-B,Consumer,457,OK,OK,OK,OK,OK,OK,OK,OK,OK,OK,OK,OK,OK,OK,OK,OK,OK,OK,OK,OK,OK,OK,MISSING,OK,OK,OK,OK,96.3,True,
BG,Consumer,348,OK,OK,OK,OK,OK,OK,OK,OK,OK,OK,OK,OK,OK,OK,OK,OK,THIN,THIN,THIN,THIN,OK,THIN,MISSING,MISSING,THIN,THIN,OK,92.6,True,
BIIB,Healthcare,662,OK,OK,OK,OK,OK,OK,OK,OK,OK,OK,MISSING,OK,OK,OK,OK,OK,OK,OK,OK,OK,OK,OK,OK,OK,OK,OK,OK,96.3,True,
BKNG,Consumer,485,OK,OK,OK,OK,OK,OK,OK,OK,OK,OK,THIN,OK,OK,OK,OK,OK,OK,OK,OK,OK,OK,OK,MISSING,OK,OK,OK,OK,96.3,True,
BKR,Energy,440,OK,THIN,OK,OK,OK,OK,OK,OK,OK,OK,OK,OK,OK,OK,OK,OK,OK,OK,OK,OK,OK,OK,MISSING,MISSING,OK,OK,OK,92.6,True,
BLDR,Industrials,452,OK,OK,OK,OK,OK,OK,OK,OK,OK,OK,MISSING,OK,OK,OK,OK,OK,OK,OK,OK,OK,OK,OK,MISSING,OK,OK,OK,OK,92.6,True,
BLK,Financials,288,THIN,N/A,N/A,THIN,THIN,THIN,THIN,THIN,THIN,THIN,THIN,THIN,THIN,THIN,THIN,OK,N/A,N/A,N/A,MISSING,OK,THIN,MISSING,THIN,THIN,THIN,THIN,92.6,True,
BMY,Healthcare,839,OK,OK,OK,OK,OK,OK,OK,OK,OK,OK,OK,OK,OK,OK,OK,OK,OK,OK,OK,OK,OK,OK,OK,OK,OK,OK,OK,100.0,True,
BNY,Financials,965,OK,N/A,N/A,OK,OK,OK,OK,OK,OK,OK,OK,OK,OK,OK,OK,OK,N/A,N/A,N/A,OK,OK,OK,OK,OK,OK,OK,MISSING,96.3,True,
BR,Industrials,531,OK,OK,OK,OK,OK,OK,OK,OK,OK,OK,OK,OK,OK,OK,OK,OK,OK,OK,OK,OK,OK,OK,OK,OK,OK,OK,OK,100.0,True,
BRK-B,Financials,437,OK,N/A,N/A,OK,OK,OK,OK,OK,OK,OK,MISSING,OK,MISSING,OK,OK,OK,N/A,N/A,N/A,OK,OK,MISSING,MISSING,MISSING,MISSING,MISSING,MISSING,70.4,True,
BRO,Financials,490,OK,N/A,N/A,OK,OK,OK,OK,OK,OK,OK,OK,OK,OK,OK,OK,OK,N/A,N/A,N/A,OK,OK,OK,MISSING,OK,MISSING,OK,MISSING,88.9,True,
BSX,Healthcare,750,OK,OK,OK,OK,OK,OK,OK,OK,OK,OK,OK,OK,OK,OK,OK,OK,OK,OK,OK,OK,OK,OK,OK,OK,MISSING,OK,OK,96.3,True,
BX,Financials,428,OK,N/A,N/A,OK,OK,OK,OK,OK,OK,OK,OK,MISSING,OK,OK,OK,OK,N/A,N/A,N/A,OK,OK,OK,MISSING,OK,OK,OK,OK,92.6,True,
BXP,REIT,539,OK,N/A,N/A,OK,OK,OK,OK,OK,OK,OK,OK,MISSING,MISSING,OK,OK,OK,N/A,N/A,N/A,OK,OK,OK,OK,OK,OK,MISSING,OK,88.9,True,
C,Financials,796,OK,N/A,N/A,OK,OK,OK,OK,OK,OK,OK,OK,OK,OK,OK,OK,OK,N/A,N/A,N/A,OK,OK,OK,OK,OK,MISSING,OK,MISSING,92.6,True,
CAH,Healthcare,533,OK,OK,OK,OK,OK,OK,OK,OK,OK,OK,OK,OK,OK,OK,OK,OK,OK,OK,OK,OK,OK,OK,OK,OK,OK,OK,OK,100.0,True,
CARR,Industrials,438,OK,THIN,THIN,OK,OK,OK,OK,OK,OK,OK,OK,OK,OK,OK,OK,OK,OK,OK,OK,OK,OK,OK,MISSING,OK,OK,OK,OK,96.3,True,
CASY,Consumer,394,OK,OK,OK,OK,OK,OK,OK,OK,OK,OK,OK,OK,OK,OK,OK,OK,OK,OK,OK,OK,OK,OK,OK,OK,OK,OK,MISSING,96.3,True,
CAT,Industrials,703,OK,OK,OK,OK,OK,OK,OK,OK,OK,OK,OK,OK,MISSING,OK,OK,OK,OK,OK,OK,OK,OK,OK,MISSING,OK,OK,OK,OK,92.6,True,
CB,Financials,768,OK,N/A,N/A,OK,OK,OK,OK,MISSING,MISSING,OK,OK,OK,OK,OK,OK,OK,N/A,N/A,N/A,OK,OK,OK,MISSING,OK,MISSING,OK,OK,85.2,True,
CBOE,Financials,575,OK,N/A,N/A,OK,OK,OK,OK,OK,OK,OK,OK,OK,OK,OK,OK,OK,N/A,N/A,N/A,OK,OK,OK,OK,OK,OK,OK,MISSING,96.3,True,
CBRE,REIT,779,OK,N/A,N/A,OK,OK,OK,OK,OK,OK,OK,MISSING,OK,OK,OK,OK,OK,N/A,N/A,N/A,OK,OK,OK,MISSING,OK,OK,OK,MISSING,88.9,True,
CCI,REIT,520,OK,N/A,N/A,OK,OK,OK,OK,OK,OK,OK,OK,OK,OK,OK,OK,OK,N/A,N/A,N/A,OK,OK,OK,OK,OK,OK,OK,OK,100.0,True,
CCL,Consumer,360,OK,OK,OK,OK,OK,OK,OK,OK,OK,OK,OK,OK,MISSING,OK,OK,OK,OK,OK,OK,OK,OK,OK,MISSING,THIN,OK,OK,OK,92.6,True,
CDNS,Technology,558,OK,THIN,THIN,OK,OK,OK,OK,OK,OK,OK,MISSING,OK,MISSING,OK,OK,OK,OK,OK,OK,OK,OK,MISSING,OK,OK,OK,OK,OK,88.9,True,
CDW,Technology,422,OK,OK,OK,OK,OK,OK,OK,OK,OK,OK,OK,OK,OK,OK,OK,OK,OK,OK,OK,OK,OK,OK,OK,OK,OK,OK,OK,100.0,True,
CEG,Utilities,391,OK,MISSING,MISSING,OK,OK,OK,OK,OK,OK,OK,OK,OK,OK,OK,OK,OK,OK,OK,OK,OK,OK,OK,MISSING,THIN,OK,OK,MISSING,85.2,True,
CF,Materials,557,OK,OK,OK,OK,OK,OK,OK,OK,OK,OK,OK,OK,OK,OK,OK,OK,OK,OK,OK,OK,OK,OK,OK,OK,OK,OK,OK,100.0,True,
CFG,Financials,769,OK,N/A,N/A,OK,OK,OK,OK,OK,OK,OK,OK,OK,OK,OK,OK,OK,N/A,N/A,N/A,OK,OK,OK,OK,OK,MISSING,OK,MISSING,92.6,True,
CHD,Consumer,510,OK,OK,OK,OK,OK,OK,OK,OK,OK,OK,OK,OK,OK,OK,OK,OK,OK,OK,OK,OK,OK,OK,OK,OK,OK,OK,OK,100.0,True,
CHRW,Industrials,411,OK,OK,OK,OK,OK,OK,OK,OK,OK,OK,OK,OK,OK,OK,OK,OK,OK,OK,OK,OK,OK,OK,OK,OK,OK,OK,MISSING,96.3,True,
CHTR,Technology,504,OK,MISSING,MISSING,OK,OK,OK,OK,OK,OK,OK,MISSING,OK,OK,OK,OK,OK,OK,OK,OK,OK,OK,OK,OK,MISSING,OK,OK,MISSING,81.5,True,
CI,Healthcare,409,OK,OK,OK,OK,OK,OK,OK,THIN,THIN,OK,OK,OK,OK,OK,OK,OK,OK,OK,OK,OK,OK,OK,MISSING,OK,OK,OK,OK,96.3,True,
CIEN,Technology,491,OK,OK,OK,OK,OK,OK,OK,OK,OK,OK,MISSING,OK,OK,OK,OK,OK,OK,OK,OK,OK,OK,OK,OK,OK,OK,OK,OK,96.3,True,
CINF,Financials,511,OK,N/A,N/A,OK,OK,OK,OK,OK,OK,OK,OK,OK,MISSING,OK,OK,OK,N/A,N/A,N/A,OK,OK,OK,MISSING,OK,MISSING,OK,MISSING,85.2,True,
CL,Consumer,488,OK,OK,OK,OK,OK,OK,OK,OK,OK,OK,OK,OK,OK,OK,OK,OK,OK,OK,OK,OK,OK,OK,THIN,OK,OK,OK,OK,100.0,True,
CLX,Consumer,597,OK,OK,OK,OK,OK,OK,OK,OK,OK,OK,OK,OK,OK,OK,OK,OK,OK,OK,OK,OK,OK,OK,OK,OK,OK,OK,OK,100.0,True,
CMCSA,Technology,466,OK,MISSING,MISSING,OK,OK,OK,OK,OK,OK,OK,OK,OK,THIN,OK,OK,OK,OK,OK,OK,OK,OK,OK,OK,MISSING,OK,OK,THIN,88.9,True,
CME,Financials,691,OK,N/A,N/A,OK,OK,OK,OK,OK,OK,OK,OK,THIN,MISSING,OK,OK,OK,N/A,N/A,N/A,OK,OK,MISSING,OK,MISSING,OK,OK,MISSING,85.2,True,
CMG,Consumer,417,OK,MISSING,MISSING,OK,OK,OK,OK,OK,OK,MISSING,MISSING,OK,MISSING,OK,OK,OK,OK,OK,OK,OK,OK,OK,OK,OK,OK,OK,OK,81.5,True,
CMI,Industrials,701,OK,OK,OK,OK,OK,OK,OK,OK,OK,OK,OK,OK,OK,OK,OK,OK,OK,OK,OK,OK,OK,OK,MISSING,OK,OK,OK,OK,96.3,True,
CMS,Utilities,583,OK,MISSING,MISSING,OK,OK,OK,OK,OK,OK,OK,OK,MISSING,OK,OK,OK,OK,OK,OK,OK,OK,OK,OK,OK,OK,OK,OK,MISSING,85.2,True,
CNC,Healthcare,562,OK,OK,OK,OK,OK,OK,OK,OK,OK,OK,MISSING,OK,OK,OK,OK,OK,OK,OK,OK,OK,OK,OK,OK,OK,MISSING,OK,OK,92.6,True,
CNP,Utilities,655,OK,OK,OK,OK,OK,OK,OK,OK,OK,OK,OK,MISSING,OK,OK,OK,OK,OK,OK,OK,OK,OK,OK,OK,OK,OK,OK,MISSING,92.6,True,
COF,Financials,1041,OK,N/A,N/A,OK,OK,OK,OK,OK,OK,OK,OK,OK,MISSING,OK,OK,OK,N/A,N/A,N/A,OK,OK,OK,OK,OK,MISSING,OK,MISSING,88.9,True,
COHR,Technology,675,OK,OK,OK,OK,OK,OK,OK,OK,OK,OK,OK,OK,OK,OK,OK,OK,OK,OK,OK,OK,OK,OK,OK,OK,OK,OK,OK,100.0,True,
COIN,Financials,421,OK,N/A,N/A,OK,OK,OK,OK,THIN,THIN,OK,MISSING,OK,OK,OK,OK,OK,N/A,N/A,N/A,OK,OK,OK,THIN,THIN,THIN,OK,OK,96.3,True,
COO,Healthcare,613,OK,OK,OK,OK,OK,OK,OK,OK,OK,OK,OK,OK,OK,OK,OK,OK,OK,OK,OK,OK,OK,OK,OK,OK,OK,OK,OK,100.0,True,
COP,Energy,743,OK,OK,OK,OK,OK,OK,OK,OK,OK,OK,OK,OK,OK,OK,OK,OK,OK,OK,OK,OK,OK,OK,MISSING,OK,OK,OK,OK,96.3,True,
COR,Healthcare,510,OK,OK,OK,OK,OK,OK,OK,OK,OK,OK,OK,OK,OK,OK,OK,OK,OK,OK,OK,OK,OK,OK,MISSING,OK,OK,OK,OK,96.3,True,
COST,Consumer,460,OK,OK,OK,OK,OK,OK,OK,OK,OK,OK,OK,OK,OK,OK,OK,OK,OK,OK,OK,OK,OK,OK,OK,OK,OK,OK,OK,100.0,True,
CPAY,Financials,538,OK,N/A,N/A,OK,OK,OK,OK,OK,OK,OK,MISSING,OK,THIN,OK,OK,OK,N/A,N/A,N/A,OK,OK,OK,MISSING,OK,OK,OK,OK,92.6,True,
CPRT,Industrials,526,OK,OK,OK,OK,OK,OK,OK,OK,OK,OK,MISSING,OK,OK,OK,OK,OK,OK,OK,OK,OK,OK,OK,OK,OK,OK,OK,OK,96.3,True,
CPT,REIT,512,OK,N/A,N/A,MISSING,MISSING,OK,OK,OK,OK,OK,OK,OK,MISSING,OK,OK,OK,N/A,N/A,N/A,MISSING,OK,OK,MISSING,OK,MISSING,MISSING,OK,74.1,True,
CRH,Materials,339,OK,OK,OK,OK,OK,OK,OK,OK,OK,OK,MISSING,OK,OK,THIN,THIN,OK,THIN,THIN,THIN,THIN,OK,THIN,THIN,THIN,MISSING,THIN,OK,92.6,True,
CRL,Healthcare,764,OK,OK,OK,OK,OK,OK,OK,OK,OK,OK,MISSING,OK,OK,OK,OK,OK,OK,OK,OK,OK,OK,OK,OK,OK,OK,OK,OK,96.3,True,
CRM,Technology,690,OK,OK,OK,OK,OK,OK,OK,OK,OK,OK,THIN,OK,THIN,OK,OK,OK,OK,OK,OK,OK,OK,OK,OK,OK,OK,OK,OK,100.0,True,
CRWD,Technology,438,OK,OK,OK,OK,OK,OK,OK,OK,OK,OK,MISSING,THIN,THIN,OK,OK,OK,OK,OK,OK,OK,OK,OK,OK,THIN,OK,OK,OK,96.3,True,
CSCO,Technology,768,OK,OK,OK,OK,OK,OK,OK,OK,OK,OK,OK,OK,OK,OK,OK,OK,OK,OK,OK,OK,OK,OK,OK,OK,OK,OK,OK,100.0,True,
CSGP,REIT,526,OK,N/A,N/A,OK,OK,OK,OK,OK,OK,OK,MISSING,THIN,OK,OK,OK,OK,N/A,N/A,N/A,OK,OK,OK,OK,OK,OK,OK,OK,96.3,True,
CSX,Industrials,449,OK,MISSING,MISSING,OK,OK,OK,OK,OK,OK,OK,OK,OK,OK,OK,OK,OK,OK,OK,OK,OK,OK,OK,MISSING,OK,OK,OK,MISSING,85.2,True,
CTAS,Industrials,503,OK,THIN,OK,OK,OK,OK,OK,OK,OK,OK,OK,OK,OK,OK,OK,OK,OK,OK,OK,OK,OK,OK,OK,OK,OK,OK,OK,100.0,True,
CTSH,Technology,539,OK,MISSING,MISSING,OK,OK,OK,OK,OK,OK,OK,OK,OK,THIN,OK,OK,OK,OK,OK,OK,OK,OK,OK,OK,OK,OK,OK,OK,92.6,True,
CTVA,Materials,389,OK,OK,OK,OK,OK,OK,OK,OK,OK,OK,OK,OK,OK,OK,OK,OK,OK,OK,OK,OK,OK,OK,MISSING,OK,OK,OK,OK,96.3,True,
CVNA,Consumer,347,OK,OK,OK,THIN,THIN,OK,OK,OK,OK,OK,THIN,MISSING,MISSING,OK,OK,OK,OK,OK,OK,OK,OK,OK,OK,MISSING,OK,OK,OK,88.9,True,
CVS,Healthcare,700,OK,OK,OK,OK,OK,OK,OK,OK,OK,OK,OK,OK,OK,OK,OK,OK,OK,OK,OK,OK,OK,OK,OK,OK,OK,OK,MISSING,96.3,True,
CVX,Energy,622,OK,OK,OK,OK,OK,OK,OK,OK,OK,OK,OK,OK,OK,OK,OK,OK,OK,OK,OK,OK,OK,OK,OK,OK,OK,OK,OK,100.0,True,
D,Utilities,800,OK,MISSING,MISSING,OK,OK,OK,OK,OK,OK,OK,OK,OK,OK,OK,OK,OK,OK,OK,OK,OK,OK,OK,OK,OK,OK,OK,MISSING,88.9,True,
DAL,Industrials,605,OK,MISSING,MISSING,OK,OK,OK,OK,OK,OK,OK,OK,OK,OK,OK,OK,OK,OK,OK,OK,OK,OK,OK,MISSING,OK,OK,OK,MISSING,85.2,True,
DASH,Consumer,314,OK,MISSING,MISSING,OK,OK,OK,OK,OK,OK,OK,MISSING,OK,MISSING,OK,OK,OK,OK,OK,OK,OK,OK,MISSING,MISSING,MISSING,OK,OK,OK,74.1,True,
DD,Industrials,650,OK,OK,OK,OK,OK,OK,OK,OK,OK,OK,OK,OK,OK,OK,OK,OK,OK,OK,OK,OK,OK,OK,MISSING,OK,OK,OK,OK,96.3,True,
DDOG,Technology,320,OK,OK,OK,OK,OK,OK,OK,OK,OK,OK,MISSING,MISSING,MISSING,OK,OK,OK,OK,OK,OK,OK,OK,MISSING,MISSING,THIN,OK,OK,OK,81.5,True,
DE,Industrials,662,OK,OK,OK,OK,OK,OK,OK,OK,OK,OK,OK,OK,OK,OK,OK,OK,MISSING,MISSING,MISSING,OK,OK,OK,MISSING,OK,OK,OK,OK,85.2,True,
DECK,Consumer,427,OK,OK,OK,OK,OK,OK,OK,OK,OK,OK,MISSING,OK,OK,OK,OK,OK,OK,OK,OK,OK,OK,MISSING,MISSING,OK,OK,OK,OK,88.9,True,
DELL,Technology,578,OK,OK,OK,OK,OK,OK,OK,OK,OK,OK,OK,OK,OK,OK,OK,OK,OK,OK,OK,OK,OK,OK,MISSING,OK,OK,OK,OK,96.3,True,
DG,Consumer,351,OK,OK,OK,OK,OK,OK,OK,OK,OK,OK,OK,OK,OK,OK,OK,OK,OK,OK,OK,OK,OK,OK,MISSING,OK,MISSING,OK,OK,92.6,True,
DGX,Healthcare,547,OK,OK,OK,OK,OK,OK,OK,OK,OK,OK,OK,OK,OK,OK,OK,OK,OK,OK,OK,OK,OK,OK,MISSING,OK,OK,OK,OK,96.3,True,
DHI,Consumer,429,OK,OK,OK,OK,OK,OK,OK,OK,OK,OK,OK,OK,THIN,OK,OK,OK,MISSING,MISSING,MISSING,OK,OK,THIN,OK,OK,MISSING,OK,OK,85.2,True,
DHR,Healthcare,621,OK,OK,OK,OK,OK,OK,OK,OK,OK,OK,OK,OK,OK,OK,OK,OK,OK,OK,OK,OK,OK,OK,OK,OK,OK,OK,OK,100.0,True,
DIS,Technology,494,OK,MISSING,MISSING,OK,OK,OK,OK,OK,OK,OK,OK,OK,OK,OK,OK,OK,OK,OK,OK,OK,OK,OK,OK,OK,OK,OK,OK,92.6,True,
DLR,REIT,586,OK,N/A,N/A,OK,OK,OK,OK,OK,OK,OK,OK,MISSING,OK,OK,OK,OK,N/A,N/A,N/A,OK,OK,OK,OK,OK,OK,MISSING,OK,92.6,True,
DLTR,Consumer,494,OK,OK,OK,OK,OK,OK,OK,OK,OK,OK,MISSING,OK,MISSING,OK,OK,OK,OK,OK,OK,OK,OK,OK,MISSING,OK,THIN,OK,OK,88.9,True,
DOC,REIT,623,OK,N/A,N/A,OK,OK,OK,OK,OK,OK,OK,OK,OK,MISSING,OK,OK,OK,N/A,N/A,N/A,MISSING,OK,OK,THIN,OK,OK,MISSING,OK,88.9,True,
DOV,Industrials,715,OK,OK,OK,OK,OK,OK,OK,OK,OK,OK,OK,OK,OK,OK,OK,OK,OK,OK,OK,OK,OK,OK,OK,OK,OK,OK,OK,100.0,True,
DOW,Materials,501,OK,OK,OK,OK,OK,OK,OK,OK,OK,OK,OK,OK,OK,OK,OK,OK,OK,OK,OK,OK,OK,OK,MISSING,OK,OK,OK,OK,96.3,True,
DPZ,Consumer,452,OK,OK,OK,OK,OK,OK,OK,OK,OK,OK,OK,OK,OK,OK,OK,OK,OK,OK,OK,OK,OK,OK,OK,OK,OK,OK,OK,100.0,True,
DRI,Consumer,571,OK,OK,OK,OK,OK,OK,OK,OK,OK,OK,OK,OK,OK,OK,OK,OK,OK,OK,OK,OK,OK,OK,OK,OK,OK,OK,OK,100.0,True,
DTE,Utilities,818,OK,MISSING,MISSING,OK,OK,OK,OK,MISSING,MISSING,OK,OK,OK,OK,OK,OK,OK,OK,OK,OK,OK,OK,OK,MISSING,OK,OK,OK,MISSING,77.8,True,
DUK,Utilities,911,OK,THIN,THIN,OK,OK,OK,OK,OK,OK,OK,OK,THIN,OK,OK,OK,OK,OK,OK,OK,OK,OK,OK,MISSING,OK,OK,OK,MISSING,92.6,True,
DVA,Healthcare,635,OK,MISSING,MISSING,OK,OK,OK,OK,OK,OK,OK,OK,OK,THIN,OK,OK,OK,OK,OK,OK,OK,OK,OK,OK,OK,OK,OK,OK,92.6,True,
DVN,Energy,787,OK,THIN,THIN,OK,OK,OK,OK,OK,OK,OK,OK,OK,OK,OK,OK,OK,OK,OK,OK,OK,OK,OK,MISSING,OK,OK,OK,OK,96.3,True,
DXCM,Healthcare,518,OK,OK,OK,OK,OK,OK,OK,OK,OK,OK,MISSING,OK,OK,OK,OK,OK,OK,OK,OK,OK,OK,THIN,OK,OK,OK,OK,OK,96.3,True,
EBAY,Consumer,645,OK,OK,OK,OK,OK,OK,OK,OK,OK,OK,OK,OK,OK,OK,OK,OK,OK,OK,OK,OK,OK,OK,MISSING,OK,OK,OK,OK,96.3,True,
ECHO,Technology,759,OK,OK,OK,OK,OK,OK,OK,OK,OK,OK,MISSING,OK,OK,OK,OK,OK,OK,OK,OK,OK,OK,OK,THIN,MISSING,OK,OK,OK,92.6,True,
ECL,Materials,576,OK,OK,OK,OK,OK,OK,OK,OK,OK,OK,OK,OK,OK,OK,OK,OK,OK,OK,OK,OK,OK,OK,MISSING,OK,OK,OK,OK,96.3,True,
ED,Utilities,634,OK,MISSING,MISSING,OK,OK,OK,OK,OK,OK,OK,OK,OK,OK,OK,OK,OK,OK,OK,OK,THIN,OK,OK,THIN,OK,OK,OK,MISSING,88.9,True,
EFX,Industrials,477,OK,OK,OK,OK,OK,OK,OK,OK,OK,OK,OK,OK,OK,OK,OK,OK,OK,OK,OK,OK,OK,OK,OK,OK,OK,OK,OK,100.0,True,
EG,Financials,664,OK,N/A,N/A,OK,MISSING,OK,OK,MISSING,MISSING,OK,OK,OK,OK,OK,OK,OK,N/A,N/A,N/A,OK,OK,OK,THIN,OK,MISSING,MISSING,OK,81.5,True,
EIX,Utilities,556,OK,MISSING,MISSING,OK,OK,OK,OK,OK,OK,OK,OK,THIN,OK,OK,OK,OK,OK,OK,OK,OK,OK,OK,OK,OK,OK,OK,MISSING,88.9,True,
EL,Consumer,548,OK,OK,OK,OK,OK,OK,OK,OK,OK,OK,OK,OK,THIN,OK,OK,OK,OK,OK,OK,OK,OK,OK,MISSING,MISSING,OK,OK,OK,92.6,True,
ELV,Healthcare,782,OK,OK,OK,OK,OK,OK,OK,OK,OK,OK,OK,OK,OK,OK,OK,OK,OK,OK,OK,OK,OK,OK,OK,OK,MISSING,OK,OK,96.3,True,
EME,Industrials,446,OK,OK,OK,OK,OK,OK,OK,OK,OK,OK,OK,OK,OK,OK,OK,OK,OK,OK,OK,OK,OK,OK,OK,OK,OK,OK,OK,100.0,True,
EMR,Industrials,454,OK,OK,OK,OK,OK,OK,OK,OK,OK,THIN,OK,OK,OK,OK,OK,OK,OK,OK,OK,OK,OK,OK,THIN,OK,OK,OK,OK,100.0,True,
EOG,Energy,510,OK,MISSING,MISSING,OK,OK,OK,OK,OK,OK,OK,OK,OK,OK,OK,OK,OK,OK,OK,OK,OK,OK,OK,MISSING,OK,OK,OK,OK,88.9,True,
EQIX,REIT,811,OK,N/A,N/A,OK,OK,OK,OK,OK,OK,OK,OK,OK,OK,OK,OK,OK,N/A,N/A,N/A,OK,OK,OK,OK,OK,OK,OK,OK,100.0,True,
EQR,REIT,593,OK,N/A,N/A,OK,OK,OK,OK,OK,OK,OK,OK,OK,OK,OK,OK,OK,N/A,N/A,N/A,OK,OK,OK,OK,OK,MISSING,MISSING,OK,92.6,True,
EQT,Energy,711,OK,OK,OK,OK,OK,OK,OK,OK,OK,OK,OK,OK,OK,OK,OK,OK,OK,OK,OK,OK,OK,OK,MISSING,OK,OK,OK,OK,96.3,True,
ERIE,Financials,492,OK,N/A,N/A,OK,OK,OK,OK,OK,OK,OK,OK,OK,MISSING,OK,OK,OK,N/A,N/A,N/A,OK,OK,OK,MISSING,MISSING,OK,MISSING,MISSING,81.5,True,
ES,Utilities,585,OK,MISSING,MISSING,OK,OK,OK,OK,OK,OK,OK,OK,MISSING,OK,OK,OK,OK,OK,OK,OK,OK,OK,OK,OK,OK,OK,MISSING,MISSING,81.5,True,
ESS,REIT,511,OK,N/A,N/A,OK,OK,OK,OK,OK,OK,OK,OK,OK,OK,OK,OK,OK,N/A,N/A,N/A,MISSING,OK,OK,OK,OK,MISSING,MISSING,OK,88.9,True,
ETN,Industrials,474,OK,OK,OK,OK,OK,OK,OK,OK,OK,OK,OK,OK,OK,OK,OK,OK,OK,OK,OK,OK,OK,OK,MISSING,OK,OK,OK,OK,96.3,True,
ETR,Utilities,647,OK,MISSING,MISSING,OK,OK,OK,OK,OK,OK,OK,OK,OK,OK,OK,OK,OK,OK,OK,OK,OK,OK,OK,OK,OK,OK,OK,MISSING,88.9,True,
EVRG,Utilities,369,OK,MISSING,MISSING,OK,OK,OK,OK,OK,OK,OK,OK,OK,OK,OK,OK,OK,OK,OK,OK,OK,OK,OK,MISSING,OK,OK,OK,MISSING,85.2,True,
EW,Healthcare,702,OK,OK,OK,OK,OK,OK,OK,OK,OK,OK,MISSING,OK,OK,OK,OK,OK,OK,OK,OK,OK,OK,OK,OK,OK,OK,OK,OK,96.3,True,
EXC,Utilities,939,OK,MISSING,MISSING,OK,OK,OK,OK,OK,OK,OK,OK,THIN,OK,OK,OK,OK,OK,OK,OK,OK,OK,OK,OK,OK,OK,OK,MISSING,88.9,True,
EXE,Energy,943,OK,MISSING,MISSING,OK,OK,OK,OK,OK,OK,OK,OK,OK,OK,OK,OK,OK,OK,OK,OK,OK,OK,OK,OK,OK,OK,OK,OK,92.6,True,
EXPD,Industrials,326,OK,MISSING,THIN,OK,OK,OK,OK,OK,OK,OK,OK,OK,MISSING,OK,OK,OK,OK,OK,OK,OK,OK,MISSING,OK,OK,OK,OK,MISSING,85.2,True,
EXPE,Consumer,543,OK,OK,OK,OK,OK,OK,OK,OK,OK,OK,OK,OK,OK,OK,OK,OK,OK,OK,OK,OK,OK,OK,MISSING,OK,OK,OK,OK,96.3,True,
EXR,REIT,501,OK,N/A,N/A,OK,OK,OK,OK,OK,OK,OK,OK,OK,OK,OK,OK,OK,N/A,N/A,N/A,OK,OK,OK,OK,OK,OK,OK,OK,100.0,True,
F,Consumer,589,OK,OK,OK,OK,OK,OK,OK,OK,OK,OK,OK,OK,OK,OK,OK,OK,OK,OK,OK,OK,OK,THIN,MISSING,MISSING,OK,OK,OK,92.6,True,
FANG,Energy,626,OK,MISSING,MISSING,OK,OK,OK,OK,OK,OK,OK,OK,OK,OK,OK,OK,OK,OK,OK,OK,OK,OK,OK,MISSING,OK,OK,OK,OK,88.9,True,
FAST,Industrials,299,OK,OK,OK,OK,OK,OK,OK,OK,OK,OK,OK,OK,OK,OK,OK,OK,OK,OK,OK,OK,OK,OK,OK,OK,OK,OK,OK,100.0,True,
FCX,Materials,768,OK,OK,OK,OK,OK,OK,OK,OK,OK,OK,OK,OK,OK,OK,OK,OK,OK,OK,OK,OK,OK,OK,MISSING,OK,OK,OK,OK,96.3,True,
FDS,Financials,530,OK,N/A,N/A,OK,OK,OK,OK,OK,OK,OK,OK,OK,OK,OK,OK,OK,N/A,N/A,N/A,OK,OK,OK,OK,OK,OK,OK,OK,100.0,True,
FDX,Industrials,511,OK,THIN,THIN,OK,OK,OK,OK,OK,OK,OK,OK,OK,OK,OK,OK,OK,OK,OK,OK,OK,OK,OK,THIN,OK,OK,OK,MISSING,96.3,True,
FDXF,Industrials,178,THIN,MISSING,MISSING,THIN,THIN,THIN,THIN,THIN,THIN,THIN,THIN,MISSING,THIN,THIN,THIN,THIN,THIN,THIN,THIN,THIN,MISSING,THIN,MISSING,THIN,THIN,THIN,MISSING,77.8,False,cash
FE,Utilities,691,OK,MISSING,MISSING,OK,OK,OK,OK,OK,OK,OK,OK,MISSING,OK,OK,OK,OK,OK,OK,OK,OK,OK,OK,THIN,OK,OK,OK,MISSING,85.2,True,
FERG,Industrials,303,THIN,THIN,THIN,THIN,THIN,THIN,THIN,THIN,THIN,THIN,THIN,THIN,THIN,THIN,THIN,OK,THIN,THIN,THIN,THIN,THIN,THIN,MISSING,THIN,THIN,THIN,THIN,96.3,True,
FFIV,Technology,466,OK,OK,OK,OK,OK,OK,OK,OK,OK,OK,MISSING,OK,OK,OK,OK,OK,OK,OK,OK,OK,OK,THIN,OK,OK,OK,OK,OK,96.3,True,
FICO,Technology,537,OK,OK,OK,OK,OK,OK,OK,OK,OK,OK,OK,OK,MISSING,OK,OK,OK,OK,OK,OK,OK,OK,OK,OK,OK,OK,OK,OK,96.3,True,
FIS,Financials,604,OK,N/A,N/A,OK,OK,OK,OK,OK,OK,OK,OK,OK,OK,OK,OK,OK,N/A,N/A,N/A,OK,OK,OK,OK,OK,OK,OK,OK,100.0,True,
FISV,Financials,644,OK,N/A,N/A,OK,OK,OK,OK,OK,OK,OK,MISSING,OK,OK,OK,OK,OK,N/A,N/A,N/A,OK,OK,OK,OK,OK,OK,OK,OK,96.3,True,
FITB,Financials,1032,OK,N/A,N/A,OK,OK,OK,OK,OK,OK,OK,OK,OK,OK,OK,OK,OK,N/A,N/A,N/A,OK,OK,OK,OK,OK,MISSING,OK,MISSING,92.6,True,
FIX,Industrials,375,OK,OK,OK,OK,OK,OK,OK,OK,OK,OK,OK,OK,OK,OK,OK,OK,OK,OK,OK,OK,OK,OK,MISSING,OK,OK,OK,OK,96.3,True,
FLEX,Technology,611,OK,OK,OK,OK,OK,OK,OK,OK,OK,OK,MISSING,OK,THIN,OK,OK,OK,OK,OK,OK,OK,OK,OK,MISSING,OK,OK,OK,OK,92.6,True,
FOX,Technology,309,OK,MISSING,MISSING,OK,OK,OK,OK,OK,OK,OK,OK,OK,OK,OK,OK,OK,OK,OK,OK,OK,OK,OK,MISSING,THIN,OK,OK,OK,88.9,True,
FOXA,Technology,309,OK,MISSING,MISSING,OK,OK,OK,OK,OK,OK,OK,OK,OK,OK,OK,OK,OK,OK,OK,OK,OK,OK,OK,MISSING,THIN,OK,OK,OK,88.9,True,
FRT,REIT,387,OK,N/A,N/A,OK,OK,OK,OK,OK,OK,OK,OK,MISSING,OK,OK,OK,OK,N/A,N/A,N/A,MISSING,OK,OK,OK,OK,MISSING,MISSING,OK,85.2,True,
FSLR,Technology,691,OK,OK,OK,OK,OK,OK,OK,OK,OK,OK,MISSING,MISSING,OK,OK,OK,OK,OK,OK,OK,OK,OK,OK,MISSING,OK,OK,OK,OK,88.9,True,
FTNT,Technology,480,OK,OK,OK,OK,OK,OK,OK,OK,OK,OK,MISSING,OK,MISSING,OK,OK,OK,OK,OK,OK,OK,OK,OK,MISSING,OK,OK,OK,OK,88.9,True,
FTV,Industrials,473,OK,OK,OK,OK,OK,OK,OK,OK,OK,OK,OK,OK,OK,OK,OK,OK,OK,OK,OK,OK,OK,OK,OK,OK,OK,OK,OK,100.0,True,
GD,Industrials,522,OK,OK,OK,OK,OK,OK,OK,OK,OK,OK,OK,OK,OK,OK,OK,OK,OK,OK,OK,OK,OK,OK,MISSING,OK,OK,OK,OK,96.3,True,
GDDY,Technology,403,OK,OK,OK,OK,OK,OK,OK,OK,OK,OK,THIN,OK,OK,OK,OK,OK,OK,OK,OK,OK,OK,OK,OK,OK,OK,OK,OK,100.0,True,
GE,Industrials,945,OK,OK,OK,OK,OK,OK,OK,OK,OK,OK,OK,OK,THIN,OK,OK,OK,OK,OK,OK,OK,OK,OK,OK,OK,OK,OK,OK,100.0,True,
GEHC,Healthcare,415,OK,MISSING,OK,OK,OK,OK,OK,OK,OK,OK,OK,THIN,OK,THIN,THIN,OK,THIN,THIN,THIN,THIN,OK,THIN,MISSING,OK,MISSING,THIN,OK,88.9,True,
GEN,Technology,726,OK,OK,OK,OK,OK,OK,OK,OK,OK,OK,OK,OK,OK,OK,OK,OK,OK,OK,OK,OK,OK,OK,OK,OK,OK,OK,OK,100.0,True,
GEV,Industrials,342,THIN,THIN,THIN,THIN,THIN,THIN,THIN,THIN,THIN,THIN,THIN,THIN,MISSING,THIN,THIN,OK,THIN,THIN,THIN,THIN,OK,MISSING,MISSING,THIN,THIN,MISSING,THIN,85.2,True,
GILD,Healthcare,722,OK,OK,OK,OK,OK,OK,OK,OK,OK,OK,OK,OK,OK,OK,OK,OK,OK,OK,OK,OK,OK,OK,OK,OK,OK,OK,OK,100.0,True,
GIS,Consumer,658,OK,OK,OK,OK,OK,OK,OK,OK,OK,OK,OK,OK,OK,OK,OK,OK,OK,OK,OK,OK,OK,OK,MISSING,OK,OK,OK,OK,96.3,True,
GL,Financials,647,OK,N/A,N/A,OK,OK,OK,OK,OK,OK,OK,OK,OK,THIN,OK,OK,OK,N/A,N/A,N/A,OK,OK,OK,OK,OK,MISSING,THIN,OK,96.3,True,
GLW,Technology,820,OK,OK,OK,OK,OK,OK,OK,OK,OK,OK,OK,OK,OK,OK,OK,OK,OK,OK,OK,OK,OK,OK,OK,OK,OK,OK,OK,100.0,True,
GM,Consumer,618,OK,OK,OK,OK,OK,OK,OK,OK,OK,OK,OK,OK,OK,OK,OK,OK,OK,OK,OK,OK,OK,MISSING,MISSING,OK,OK,OK,OK,92.6,True,
GNRC,Industrials,529,OK,OK,OK,OK,OK,OK,OK,OK,OK,OK,OK,OK,OK,OK,OK,OK,OK,OK,OK,OK,OK,OK,MISSING,OK,OK,OK,OK,96.3,True,
GOOG,Technology,543,OK,OK,OK,OK,OK,OK,OK,OK,OK,OK,OK,OK,THIN,OK,OK,OK,OK,OK,OK,OK,OK,OK,MISSING,OK,OK,OK,OK,96.3,True,
GOOGL,Technology,543,OK,OK,OK,OK,OK,OK,OK,OK,OK,OK,OK,OK,THIN,OK,OK,OK,OK,OK,OK,OK,OK,OK,MISSING,OK,OK,OK,OK,96.3,True,
GPC,Consumer,580,OK,OK,OK,OK,OK,OK,OK,OK,OK,OK,OK,OK,OK,OK,OK,OK,OK,OK,OK,OK,OK,OK,OK,OK,MISSING,OK,OK,96.3,True,
GPN,Financials,578,OK,N/A,N/A,OK,OK,OK,OK,OK,OK,OK,OK,OK,OK,OK,OK,OK,N/A,N/A,N/A,OK,OK,OK,OK,OK,OK,OK,OK,100.0,True,
GRMN,Consumer,495,OK,OK,OK,OK,OK,OK,OK,OK,OK,THIN,OK,OK,MISSING,OK,OK,OK,OK,OK,OK,OK,OK,MISSING,MISSING,OK,OK,OK,OK,88.9,True,
GS,Financials,642,OK,N/A,N/A,OK,OK,OK,OK,OK,OK,OK,OK,OK,MISSING,OK,OK,OK,N/A,N/A,N/A,OK,OK,OK,OK,OK,MISSING,OK,MISSING,88.9,True,
GWW,Industrials,520,OK,OK,OK,OK,OK,OK,OK,OK,OK,OK,OK,OK,OK,OK,OK,OK,OK,OK,OK,OK,OK,OK,OK,OK,OK,OK,OK,100.0,True,
HAL,Energy,479,OK,OK,OK,OK,OK,OK,OK,OK,OK,OK,OK,OK,OK,OK,OK,OK,OK,OK,OK,OK,OK,OK,MISSING,OK,OK,OK,OK,96.3,True,
HAS,Consumer,563,OK,OK,OK,OK,OK,OK,OK,OK,OK,OK,OK,OK,OK,OK,OK,OK,OK,OK,OK,OK,OK,OK,OK,OK,OK,OK,OK,100.0,True,
HBAN,Financials,872,OK,N/A,N/A,OK,OK,OK,OK,OK,OK,OK,OK,OK,OK,OK,OK,OK,N/A,N/A,N/A,OK,OK,OK,OK,OK,MISSING,OK,MISSING,92.6,True,
HCA,Healthcare,469,OK,MISSING,MISSING,OK,OK,OK,OK,OK,OK,OK,OK,OK,OK,OK,OK,OK,OK,OK,OK,OK,OK,OK,MISSING,OK,OK,OK,OK,88.9,True,
HD,Consumer,461,OK,OK,OK,OK,OK,OK,OK,OK,OK,OK,OK,OK,OK,OK,OK,OK,OK,OK,OK,OK,OK,OK,MISSING,OK,OK,OK,OK,96.3,True,
HIG,Financials,1029,OK,N/A,N/A,OK,OK,OK,OK,OK,OK,OK,OK,OK,OK,OK,OK,OK,N/A,N/A,N/A,OK,OK,OK,OK,OK,MISSING,OK,OK,96.3,True,
HII,Industrials,392,OK,OK,OK,OK,OK,OK,OK,OK,OK,OK,OK,OK,OK,OK,OK,OK,OK,OK,OK,OK,OK,OK,MISSING,OK,OK,OK,OK,96.3,True,
HLT,Consumer,541,OK,MISSING,MISSING,OK,OK,OK,OK,OK,OK,OK,OK,OK,MISSING,OK,OK,OK,OK,OK,OK,OK,OK,OK,OK,OK,OK,OK,OK,88.9,True,
HON,Industrials,632,OK,OK,OK,OK,OK,OK,OK,OK,OK,OK,OK,OK,OK,OK,OK,OK,OK,OK,OK,OK,OK,OK,MISSING,OK,OK,OK,OK,96.3,True,
HONA,Industrials,116,MISSING,MISSING,MISSING,MISSING,MISSING,MISSING,MISSING,MISSING,MISSING,MISSING,MISSING,MISSING,MISSING,MISSING,MISSING,MISSING,MISSING,MISSING,MISSING,MISSING,MISSING,MISSING,MISSING,MISSING,MISSING,MISSING,MISSING,0.0,False,"revenue,net_income,total_assets,equity,cash"
HOOD,Financials,351,OK,N/A,N/A,OK,OK,OK,OK,THIN,THIN,OK,MISSING,OK,MISSING,OK,OK,OK,N/A,N/A,N/A,OK,OK,MISSING,OK,THIN,MISSING,OK,OK,85.2,True,
HPE,Technology,668,OK,OK,OK,OK,OK,OK,OK,OK,OK,OK,OK,OK,OK,OK,OK,OK,OK,OK,OK,OK,OK,OK,OK,OK,OK,OK,OK,100.0,True,
HPQ,Technology,690,OK,OK,OK,OK,OK,OK,OK,OK,OK,OK,OK,OK,OK,OK,OK,OK,OK,OK,OK,OK,OK,OK,OK,OK,OK,OK,OK,100.0,True,
HRL,Consumer,421,OK,OK,OK,OK,OK,OK,OK,OK,OK,OK,OK,OK,OK,OK,OK,OK,OK,OK,OK,OK,OK,OK,OK,MISSING,OK,OK,OK,96.3,True,
HSIC,Healthcare,563,OK,OK,OK,OK,OK,OK,OK,OK,OK,OK,MISSING,OK,OK,OK,OK,OK,OK,OK,OK,OK,OK,OK,OK,OK,OK,OK,OK,96.3,True,
HST,REIT,459,OK,N/A,N/A,OK,OK,OK,OK,OK,OK,OK,OK,OK,OK,OK,OK,OK,N/A,N/A,N/A,OK,OK,OK,MISSING,OK,MISSING,OK,OK,92.6,True,
HSY,Consumer,691,OK,OK,OK,OK,OK,OK,OK,OK,OK,OK,OK,OK,OK,OK,OK,OK,OK,OK,OK,OK,OK,OK,OK,OK,OK,OK,OK,100.0,True,
HUBB,Industrials,527,OK,OK,OK,OK,OK,OK,OK,OK,OK,OK,OK,OK,OK,OK,OK,OK,OK,OK,OK,OK,OK,OK,MISSING,OK,OK,OK,OK,96.3,True,
HUM,Healthcare,568,OK,MISSING,MISSING,OK,OK,OK,OK,OK,OK,OK,OK,OK,OK,OK,OK,OK,OK,OK,OK,OK,OK,OK,OK,OK,OK,OK,OK,92.6,True,
HWM,Industrials,857,OK,OK,OK,OK,OK,OK,OK,OK,OK,OK,OK,OK,OK,OK,OK,OK,OK,OK,OK,OK,OK,OK,OK,OK,OK,OK,OK,100.0,True,
IBKR,Financials,341,OK,N/A,N/A,OK,OK,OK,OK,MISSING,MISSING,OK,OK,THIN,MISSING,OK,OK,OK,N/A,N/A,N/A,OK,OK,THIN,MISSING,THIN,OK,OK,THIN,85.2,True,
IBM,Technology,780,OK,OK,OK,OK,OK,OK,OK,OK,OK,OK,OK,OK,OK,OK,OK,OK,OK,OK,OK,OK,OK,OK,MISSING,OK,OK,OK,OK,96.3,True,
ICE,Financials,596,OK,N/A,N/A,OK,OK,OK,OK,OK,OK,OK,OK,OK,OK,OK,OK,OK,N/A,N/A,N/A,OK,OK,OK,OK,OK,OK,OK,OK,100.0,True,
IDXX,Healthcare,583,OK,OK,OK,OK,OK,OK,OK,OK,OK,OK,MISSING,OK,OK,OK,OK,OK,OK,OK,OK,OK,OK,OK,MISSING,OK,OK,OK,OK,92.6,True,
IEX,Industrials,630,OK,OK,OK,OK,OK,OK,OK,OK,OK,OK,OK,OK,OK,OK,OK,OK,OK,OK,OK,OK,OK,OK,OK,OK,OK,OK,OK,100.0,True,
IFF,Materials,584,OK,OK,OK,OK,OK,OK,OK,OK,OK,OK,OK,OK,OK,OK,OK,OK,OK,OK,OK,OK,OK,OK,MISSING,OK,OK,OK,OK,96.3,True,
INCY,Healthcare,490,OK,OK,OK,OK,OK,OK,OK,OK,OK,OK,MISSING,THIN,MISSING,OK,OK,OK,OK,OK,OK,OK,OK,OK,OK,OK,OK,OK,OK,92.6,True,
INTC,Technology,684,OK,OK,OK,OK,OK,OK,OK,OK,OK,OK,OK,OK,OK,OK,OK,OK,OK,OK,OK,OK,OK,OK,OK,OK,OK,OK,OK,100.0,True,
INTU,Technology,519,OK,OK,OK,OK,OK,OK,OK,OK,OK,OK,OK,OK,OK,OK,OK,OK,OK,OK,OK,OK,OK,OK,OK,OK,OK,OK,OK,100.0,True,
INVH,REIT,388,OK,N/A,N/A,THIN,THIN,OK,OK,OK,OK,OK,OK,THIN,MISSING,OK,OK,OK,N/A,N/A,N/A,OK,OK,OK,OK,OK,MISSING,OK,OK,92.6,True,
IP,Materials,728,OK,OK,OK,OK,OK,OK,OK,OK,OK,OK,OK,OK,OK,OK,OK,OK,OK,OK,OK,OK,OK,OK,MISSING,OK,MISSING,OK,OK,92.6,True,
IQV,Healthcare,558,OK,OK,OK,OK,OK,OK,OK,OK,OK,OK,THIN,OK,OK,OK,OK,OK,OK,OK,OK,OK,OK,OK,MISSING,OK,OK,OK,OK,96.3,True,
IR,Industrials,432,OK,OK,OK,OK,OK,OK,OK,OK,OK,OK,OK,OK,OK,OK,OK,OK,OK,OK,OK,OK,OK,OK,MISSING,OK,OK,OK,OK,96.3,True,
IRM,REIT,617,OK,N/A,N/A,OK,OK,OK,OK,OK,OK,OK,OK,THIN,OK,OK,OK,OK,N/A,N/A,N/A,THIN,OK,OK,OK,OK,OK,OK,OK,100.0,True,
ISRG,Healthcare,577,OK,OK,OK,OK,OK,OK,OK,OK,OK,MISSING,MISSING,OK,MISSING,OK,OK,OK,OK,OK,OK,OK,OK,MISSING,OK,OK,OK,OK,OK,85.2,True,
IT,Technology,589,OK,OK,OK,OK,OK,OK,OK,OK,OK,OK,MISSING,OK,OK,OK,OK,OK,OK,OK,OK,OK,OK,OK,OK,OK,OK,OK,OK,96.3,True,
ITW,Industrials,511,OK,OK,OK,OK,OK,OK,OK,OK,OK,OK,OK,OK,OK,OK,OK,OK,OK,OK,OK,OK,OK,OK,MISSING,OK,OK,OK,MISSING,92.6,True,
IVZ,Financials,692,OK,N/A,N/A,OK,OK,OK,OK,OK,OK,OK,OK,OK,OK,OK,OK,OK,N/A,N/A,N/A,OK,OK,OK,OK,OK,OK,OK,OK,100.0,True,
J,Industrials,616,OK,OK,OK,OK,OK,OK,OK,OK,OK,OK,OK,OK,OK,OK,OK,OK,OK,OK,OK,OK,OK,OK,OK,OK,OK,OK,OK,100.0,True,
JBHT,Industrials,320,OK,MISSING,MISSING,OK,OK,OK,OK,OK,OK,OK,OK,OK,OK,OK,OK,OK,OK,OK,OK,OK,OK,OK,OK,OK,OK,OK,OK,92.6,True,
JBL,Technology,630,OK,OK,OK,OK,OK,OK,OK,OK,OK,OK,OK,OK,THIN,OK,OK,OK,OK,OK,OK,OK,OK,OK,OK,OK,OK,OK,OK,100.0,True,
JCI,Industrials,759,OK,OK,OK,OK,OK,OK,OK,OK,OK,OK,OK,OK,OK,OK,OK,OK,OK,OK,OK,OK,OK,OK,OK,OK,OK,OK,OK,100.0,True,
JKHY,Financials,395,OK,N/A,N/A,OK,OK,OK,OK,OK,OK,OK,OK,OK,OK,OK,OK,OK,N/A,N/A,N/A,OK,OK,OK,OK,OK,OK,OK,OK,100.0,True,
JNJ,Healthcare,609,OK,OK,OK,OK,OK,OK,OK,OK,OK,OK,OK,OK,OK,OK,OK,OK,OK,OK,OK,OK,OK,OK,OK,OK,OK,OK,OK,100.0,True,
JPM,Financials,918,OK,N/A,N/A,OK,OK,OK,OK,MISSING,MISSING,OK,OK,OK,OK,OK,OK,OK,N/A,N/A,N/A,OK,OK,THIN,MISSING,OK,MISSING,OK,MISSING,81.5,True,
KDP,Consumer,817,OK,OK,OK,OK,OK,OK,OK,OK,OK,OK,OK,OK,OK,OK,OK,OK,OK,OK,OK,OK,OK,OK,OK,OK,OK,OK,OK,100.0,True,
KEY,Financials,820,OK,N/A,N/A,OK,OK,OK,OK,OK,OK,OK,OK,OK,OK,OK,OK,OK,N/A,N/A,N/A,OK,OK,OK,OK,OK,MISSING,OK,MISSING,92.6,True,
KEYS,Technology,649,OK,OK,OK,OK,OK,OK,OK,OK,OK,OK,MISSING,OK,OK,OK,OK,OK,OK,OK,OK,OK,OK,OK,OK,OK,OK,OK,OK,96.3,True,
KHC,Consumer,657,OK,OK,OK,OK,OK,OK,OK,OK,OK,OK,OK,OK,OK,OK,OK,OK,OK,OK,OK,OK,OK,OK,MISSING,OK,OK,OK,OK,96.3,True,
KIM,REIT,823,OK,N/A,N/A,OK,OK,OK,OK,OK,OK,OK,OK,OK,THIN,OK,OK,OK,N/A,N/A,N/A,OK,OK,OK,OK,OK,MISSING,THIN,OK,96.3,True,
KKR,Financials,543,OK,N/A,N/A,OK,OK,OK,OK,OK,OK,OK,OK,OK,OK,OK,OK,OK,N/A,N/A,N/A,OK,OK,OK,THIN,OK,MISSING,OK,MISSING,92.6,True,
KLAC,Technology,687,OK,OK,OK,OK,OK,OK,OK,OK,OK,OK,OK,OK,OK,OK,OK,OK,OK,OK,OK,OK,OK,OK,OK,OK,OK,OK,OK,100.0,True,
KMB,Consumer,603,OK,OK,OK,OK,OK,OK,OK,OK,OK,OK,OK,OK,OK,OK,OK,OK,OK,OK,OK,OK,OK,OK,OK,OK,OK,OK,MISSING,96.3,True,
KMI,Energy,665,OK,OK,OK,OK,OK,OK,OK,OK,OK,OK,OK,OK,OK,OK,OK,OK,OK,OK,OK,OK,OK,OK,OK,OK,OK,OK,OK,100.0,True,
KO,Consumer,724,OK,OK,OK,OK,OK,OK,OK,OK,OK,OK,OK,OK,OK,OK,OK,OK,OK,OK,OK,OK,OK,OK,MISSING,OK,OK,OK,OK,96.3,True,
KR,Consumer,483,OK,OK,OK,OK,OK,OK,OK,OK,OK,OK,OK,OK,OK,OK,OK,OK,OK,OK,OK,OK,OK,OK,THIN,OK,OK,OK,MISSING,96.3,True,
KVUE,Consumer,393,OK,OK,OK,OK,OK,OK,OK,OK,OK,OK,OK,THIN,THIN,THIN,THIN,OK,THIN,THIN,THIN,THIN,OK,THIN,THIN,THIN,THIN,THIN,OK,100.0,True,
L,Financials,825,OK,N/A,N/A,OK,OK,OK,OK,OK,OK,OK,OK,OK,OK,OK,OK,OK,N/A,N/A,N/A,OK,OK,OK,MISSING,OK,OK,OK,MISSING,92.6,True,
LDOS,Industrials,764,OK,OK,OK,OK,OK,OK,OK,OK,OK,OK,OK,OK,OK,OK,OK,OK,OK,OK,OK,OK,OK,OK,OK,OK,OK,OK,OK,100.0,True,
LEN,Consumer,409,OK,MISSING,MISSING,OK,OK,OK,OK,OK,OK,OK,OK,OK,OK,OK,OK,OK,MISSING,MISSING,MISSING,OK,OK,THIN,OK,MISSING,OK,OK,OK,77.8,True,
LH,Healthcare,750,OK,OK,OK,OK,OK,OK,OK,OK,OK,OK,OK,OK,OK,OK,OK,OK,OK,OK,OK,OK,OK,OK,MISSING,OK,OK,OK,OK,96.3,True,
LHX,Industrials,762,OK,OK,OK,OK,OK,OK,OK,OK,OK,OK,OK,OK,THIN,OK,OK,OK,OK,OK,OK,OK,OK,OK,OK,OK,OK,OK,OK,100.0,True,
LII,Industrials,616,OK,OK,OK,OK,OK,OK,OK,OK,OK,OK,OK,OK,OK,OK,OK,OK,OK,OK,OK,OK,OK,OK,OK,OK,OK,OK,OK,100.0,True,
LIN,Materials,469,OK,THIN,THIN,OK,OK,OK,OK,OK,OK,OK,OK,OK,OK,OK,OK,OK,OK,OK,OK,OK,OK,OK,MISSING,OK,OK,OK,OK,96.3,True,
LITE,Technology,581,OK,OK,OK,OK,OK,OK,OK,OK,OK,OK,OK,OK,MISSING,OK,OK,OK,OK,OK,OK,OK,OK,OK,MISSING,OK,OK,OK,OK,92.6,True,
LLY,Healthcare,548,OK,OK,OK,OK,OK,OK,OK,MISSING,MISSING,OK,OK,OK,OK,OK,OK,OK,OK,OK,OK,OK,OK,OK,MISSING,OK,OK,OK,OK,88.9,True,
LMT,Industrials,537,OK,OK,OK,OK,OK,OK,OK,OK,OK,OK,OK,OK,OK,OK,OK,OK,OK,OK,OK,OK,OK,OK,MISSING,OK,OK,OK,MISSING,92.6,True,
LNT,Utilities,477,OK,OK,OK,OK,OK,OK,OK,OK,OK,OK,OK,MISSING,OK,OK,OK,OK,OK,OK,OK,OK,OK,OK,THIN,OK,OK,OK,MISSING,92.6,True,
LOW,Consumer,477,OK,OK,OK,OK,OK,OK,OK,OK,OK,OK,OK,OK,OK,OK,OK,OK,OK,OK,OK,OK,OK,OK,OK,OK,THIN,OK,OK,100.0,True,
LRCX,Technology,639,OK,OK,OK,OK,OK,OK,OK,OK,OK,OK,OK,OK,OK,OK,OK,OK,OK,OK,OK,OK,OK,OK,OK,OK,OK,OK,OK,100.0,True,
LULU,Consumer,419,OK,OK,OK,OK,OK,OK,OK,OK,OK,OK,MISSING,OK,MISSING,OK,OK,OK,OK,OK,OK,OK,OK,MISSING,OK,OK,OK,OK,OK,88.9,True,
LUV,Industrials,638,OK,MISSING,MISSING,OK,OK,OK,OK,OK,OK,OK,OK,OK,OK,OK,OK,OK,OK,OK,OK,OK,OK,OK,MISSING,OK,THIN,OK,MISSING,85.2,True,
LVS,Consumer,495,OK,MISSING,MISSING,OK,OK,OK,OK,OK,OK,OK,OK,OK,OK,OK,OK,OK,OK,OK,OK,OK,OK,OK,OK,OK,OK,OK,OK,92.6,True,
LYB,Materials,660,OK,OK,OK,OK,OK,OK,OK,OK,OK,OK,OK,OK,OK,OK,OK,OK,OK,OK,OK,OK,OK,OK,MISSING,OK,OK,OK,OK,96.3,True,
LYV,Technology,503,OK,MISSING,MISSING,OK,OK,OK,OK,OK,OK,OK,MISSING,OK,OK,OK,OK,OK,OK,OK,OK,OK,OK,OK,THIN,OK,OK,OK,OK,88.9,True,
MA,Financials,607,OK,N/A,N/A,OK,OK,OK,OK,OK,OK,OK,OK,OK,OK,OK,OK,OK,N/A,N/A,N/A,OK,OK,OK,MISSING,MISSING,OK,OK,OK,92.6,True,
MAA,REIT,408,OK,N/A,N/A,OK,OK,OK,OK,OK,OK,OK,OK,OK,MISSING,OK,OK,OK,N/A,N/A,N/A,MISSING,OK,OK,OK,OK,MISSING,MISSING,OK,85.2,True,
MAR,Consumer,545,OK,MISSING,MISSING,OK,OK,OK,OK,OK,OK,OK,OK,OK,OK,OK,OK,OK,OK,OK,OK,OK,OK,OK,MISSING,OK,MISSING,OK,OK,85.2,True,
MAS,Industrials,672,OK,OK,OK,OK,OK,OK,OK,OK,OK,OK,OK,OK,OK,OK,OK,OK,OK,OK,OK,OK,OK,OK,OK,OK,OK,OK,OK,100.0,True,
MCD,Consumer,433,OK,MISSING,MISSING,OK,OK,OK,OK,OK,OK,OK,OK,OK,OK,OK,OK,OK,OK,OK,OK,OK,OK,OK,OK,OK,MISSING,OK,OK,88.9,True,
MCHP,Technology,673,OK,OK,OK,OK,OK,OK,OK,OK,OK,OK,OK,OK,OK,OK,OK,OK,OK,OK,OK,OK,OK,OK,OK,OK,OK,OK,OK,100.0,True,
MCK,Healthcare,700,OK,OK,OK,OK,OK,OK,OK,OK,OK,OK,OK,OK,OK,OK,OK,OK,OK,OK,OK,OK,OK,OK,OK,OK,OK,OK,OK,100.0,True,
MCO,Financials,705,OK,N/A,N/A,OK,OK,OK,OK,OK,OK,OK,OK,OK,MISSING,OK,OK,OK,N/A,N/A,N/A,OK,OK,OK,OK,OK,OK,OK,OK,96.3,True,
MDLZ,Consumer,658,OK,OK,OK,OK,OK,OK,OK,OK,OK,OK,OK,OK,OK,OK,OK,OK,OK,OK,OK,OK,OK,OK,MISSING,OK,OK,OK,OK,96.3,True,
MDT,Healthcare,531,OK,OK,OK,OK,OK,OK,OK,OK,OK,OK,OK,OK,OK,OK,OK,OK,OK,OK,OK,OK,OK,OK,MISSING,OK,OK,OK,OK,96.3,True,
MET,Financials,1065,OK,N/A,N/A,OK,OK,OK,OK,MISSING,MISSING,OK,OK,OK,OK,OK,OK,OK,N/A,N/A,N/A,OK,OK,THIN,OK,OK,OK,MISSING,OK,88.9,True,
META,Technology,458,OK,OK,OK,OK,OK,OK,OK,OK,OK,OK,THIN,OK,OK,OK,OK,OK,OK,OK,OK,OK,OK,OK,THIN,MISSING,OK,OK,OK,96.3,True,
MGM,Consumer,519,OK,MISSING,MISSING,OK,OK,OK,OK,OK,OK,OK,OK,OK,OK,OK,OK,OK,OK,OK,OK,OK,OK,OK,MISSING,OK,OK,OK,OK,88.9,True,
MKC,Consumer,495,OK,OK,OK,OK,OK,OK,OK,OK,OK,OK,OK,OK,OK,OK,OK,OK,OK,OK,OK,OK,OK,OK,MISSING,MISSING,OK,OK,OK,92.6,True,
MLM,Materials,650,OK,OK,OK,OK,OK,OK,OK,OK,OK,OK,OK,OK,OK,OK,OK,OK,OK,OK,OK,OK,OK,OK,OK,OK,OK,OK,OK,100.0,True,
MMM,Industrials,700,OK,OK,OK,OK,OK,OK,OK,OK,OK,OK,OK,OK,OK,OK,OK,OK,OK,OK,OK,OK,OK,OK,MISSING,OK,OK,OK,OK,96.3,True,
MNST,Consumer,444,OK,OK,OK,OK,OK,OK,OK,OK,OK,OK,MISSING,OK,MISSING,OK,OK,OK,OK,OK,OK,OK,OK,THIN,MISSING,OK,OK,OK,MISSING,85.2,True,
MO,Consumer,618,OK,OK,OK,OK,OK,OK,OK,OK,OK,OK,OK,OK,OK,OK,OK,OK,OK,OK,OK,OK,OK,OK,MISSING,OK,OK,OK,MISSING,92.6,True,
MOS,Materials,689,OK,OK,OK,OK,OK,OK,OK,OK,OK,OK,OK,OK,OK,OK,OK,OK,OK,OK,OK,OK,OK,OK,OK,OK,OK,OK,OK,100.0,True,
MPC,Energy,652,OK,OK,OK,OK,OK,OK,OK,OK,OK,OK,OK,OK,OK,OK,OK,OK,OK,OK,OK,OK,OK,OK,OK,OK,OK,OK,OK,100.0,True,
MPWR,Technology,518,OK,OK,OK,OK,OK,OK,OK,OK,OK,MISSING,OK,OK,MISSING,OK,OK,OK,OK,OK,OK,OK,OK,MISSING,MISSING,OK,OK,OK,OK,85.2,True,
MRK,Healthcare,775,OK,OK,OK,OK,OK,OK,OK,OK,OK,OK,OK,OK,OK,OK,OK,OK,OK,OK,OK,OK,OK,OK,MISSING,OK,OK,OK,OK,96.3,True,
MRNA,Healthcare,386,OK,OK,OK,OK,OK,OK,OK,OK,OK,OK,MISSING,OK,MISSING,OK,OK,OK,OK,OK,OK,OK,OK,THIN,OK,OK,OK,OK,OK,92.6,True,
MRSH,Financials,715,OK,N/A,N/A,OK,OK,OK,OK,OK,OK,OK,OK,OK,OK,OK,OK,OK,N/A,N/A,N/A,OK,OK,OK,OK,OK,OK,OK,MISSING,96.3,True,
MRVL,Technology,378,OK,OK,OK,OK,OK,OK,OK,OK,OK,OK,OK,OK,OK,OK,OK,OK,OK,OK,OK,OK,OK,OK,OK,OK,OK,OK,OK,100.0,True,
MS,Financials,914,OK,N/A,N/A,OK,OK,OK,OK,MISSING,MISSING,OK,OK,OK,OK,OK,OK,OK,N/A,N/A,N/A,OK,OK,OK,THIN,OK,THIN,OK,MISSING,88.9,True,
MSCI,Financials,555,OK,N/A,N/A,OK,OK,OK,OK,OK,OK,OK,OK,OK,OK,OK,OK,OK,N/A,N/A,N/A,OK,OK,OK,OK,OK,OK,OK,OK,100.0,True,
MSFT,Technology,562,OK,OK,OK,OK,OK,OK,OK,OK,OK,OK,OK,OK,OK,OK,OK,OK,OK,OK,OK,OK,OK,OK,MISSING,OK,OK,OK,OK,96.3,True,
MSI,Technology,700,OK,OK,OK,OK,OK,OK,OK,OK,OK,OK,OK,OK,OK,OK,OK,OK,OK,OK,OK,OK,OK,OK,OK,OK,OK,OK,OK,100.0,True,
MTB,Financials,900,OK,N/A,N/A,OK,OK,OK,OK,OK,OK,OK,OK,OK,OK,OK,OK,OK,N/A,N/A,N/A,OK,OK,OK,OK,OK,MISSING,OK,MISSING,92.6,True,
MTD,Healthcare,477,OK,OK,OK,OK,OK,OK,OK,OK,OK,OK,MISSING,OK,MISSING,OK,OK,OK,OK,OK,OK,OK,OK,OK,OK,OK,OK,OK,OK,92.6,True,
MU,Technology,629,OK,OK,OK,OK,OK,OK,OK,OK,OK,OK,OK,OK,OK,OK,OK,OK,OK,OK,OK,OK,OK,OK,MISSING,OK,OK,OK,OK,96.3,True,
NCLH,Consumer,447,OK,OK,OK,OK,OK,OK,OK,OK,OK,OK,MISSING,OK,OK,OK,OK,OK,OK,OK,OK,OK,OK,OK,MISSING,OK,OK,OK,OK,92.6,True,
NDAQ,Financials,652,OK,N/A,N/A,OK,OK,OK,OK,OK,OK,OK,OK,OK,OK,OK,OK,OK,N/A,N/A,N/A,OK,OK,OK,MISSING,OK,OK,OK,OK,96.3,True,
NDSN,Industrials,549,OK,OK,OK,OK,OK,OK,OK,OK,OK,OK,OK,OK,OK,OK,OK,OK,OK,OK,OK,OK,OK,OK,OK,OK,OK,OK,OK,100.0,True,
NEE,Utilities,455,OK,MISSING,MISSING,OK,OK,OK,OK,MISSING,MISSING,OK,OK,OK,OK,OK,OK,OK,OK,OK,OK,OK,OK,OK,MISSING,OK,OK,OK,MISSING,77.8,True,
NEM,Materials,823,OK,THIN,THIN,OK,OK,OK,OK,OK,OK,OK,OK,OK,OK,OK,OK,OK,OK,OK,OK,OK,OK,OK,THIN,OK,OK,OK,OK,100.0,True,
NFLX,Technology,490,OK,OK,OK,OK,OK,OK,OK,OK,OK,OK,MISSING,OK,OK,OK,OK,OK,OK,OK,OK,OK,OK,OK,OK,OK,MISSING,OK,OK,92.6,True,
NI,Utilities,751,OK,OK,OK,OK,OK,OK,OK,OK,OK,OK,OK,OK,OK,OK,OK,OK,OK,OK,OK,OK,OK,OK,OK,OK,OK,OK,MISSING,96.3,True,
NKE,Consumer,443,OK,OK,OK,OK,OK,OK,OK,OK,OK,OK,OK,OK,OK,OK,OK,OK,OK,OK,OK,OK,OK,OK,MISSING,MISSING,OK,OK,OK,92.6,True,
NOC,Industrials,572,OK,OK,OK,OK,OK,OK,OK,OK,OK,OK,OK,OK,OK,OK,OK,OK,OK,OK,OK,OK,OK,OK,OK,OK,OK,OK,OK,100.0,True,
NOW,Technology,539,OK,OK,OK,OK,OK,OK,OK,OK,OK,OK,MISSING,OK,MISSING,OK,OK,OK,OK,OK,OK,OK,OK,MISSING,OK,OK,OK,OK,OK,88.9,True,
NRG,Utilities,766,OK,OK,OK,OK,OK,OK,OK,OK,OK,OK,OK,OK,THIN,OK,OK,OK,OK,OK,OK,OK,OK,OK,THIN,OK,OK,OK,OK,100.0,True,
NSC,Industrials,424,OK,MISSING,MISSING,OK,OK,OK,OK,OK,OK,OK,OK,OK,THIN,OK,OK,OK,OK,OK,OK,OK,OK,OK,MISSING,OK,OK,OK,MISSING,85.2,True,
NTAP,Technology,669,OK,OK,OK,OK,OK,OK,OK,OK,OK,OK,OK,OK,OK,OK,OK,OK,OK,OK,OK,OK,OK,OK,OK,OK,OK,OK,OK,100.0,True,
NTRS,Financials,782,OK,N/A,N/A,OK,OK,OK,OK,OK,OK,OK,OK,OK,OK,OK,OK,OK,N/A,N/A,N/A,OK,OK,OK,THIN,OK,MISSING,OK,MISSING,92.6,True,
NUE,Materials,483,OK,OK,OK,OK,OK,OK,OK,OK,OK,OK,OK,OK,OK,OK,OK,OK,OK,OK,OK,OK,OK,OK,MISSING,OK,OK,OK,OK,96.3,True,
NVDA,Technology,626,OK,OK,OK,OK,OK,OK,OK,OK,OK,OK,OK,OK,OK,OK,OK,OK,OK,OK,OK,OK,OK,OK,OK,OK,OK,OK,OK,100.0,True,
NVR,Consumer,317,OK,MISSING,MISSING,MISSING,MISSING,OK,OK,OK,OK,OK,MISSING,OK,OK,OK,OK,OK,MISSING,MISSING,MISSING,OK,OK,THIN,MISSING,OK,MISSING,MISSING,MISSING,55.6,True,
NWS,Technology,510,OK,MISSING,MISSING,OK,OK,OK,OK,OK,OK,OK,OK,OK,OK,OK,OK,OK,OK,OK,OK,OK,OK,OK,MISSING,THIN,OK,OK,OK,88.9,True,
NWSA,Technology,510,OK,MISSING,MISSING,OK,OK,OK,OK,OK,OK,OK,OK,OK,OK,OK,OK,OK,OK,OK,OK,OK,OK,OK,MISSING,THIN,OK,OK,OK,88.9,True,
NXPI,Technology,616,OK,OK,OK,OK,OK,OK,OK,OK,OK,OK,OK,OK,MISSING,OK,OK,OK,OK,OK,OK,OK,OK,OK,MISSING,OK,OK,OK,OK,92.6,True,
O,REIT,491,OK,N/A,N/A,OK,OK,OK,OK,OK,OK,OK,OK,MISSING,THIN,OK,OK,OK,N/A,N/A,N/A,MISSING,OK,OK,OK,OK,OK,MISSING,OK,88.9,True,
ODFL,Industrials,300,OK,MISSING,MISSING,OK,OK,OK,OK,OK,OK,OK,OK,OK,OK,OK,OK,OK,OK,OK,OK,OK,OK,OK,MISSING,OK,OK,OK,MISSING,85.2,True,
OKE,Energy,572,OK,OK,OK,OK,OK,OK,OK,OK,OK,OK,OK,OK,OK,OK,OK,OK,OK,OK,OK,OK,OK,OK,OK,OK,OK,OK,MISSING,96.3,True,
OMC,Technology,500,OK,OK,OK,OK,OK,OK,OK,OK,OK,OK,OK,OK,OK,OK,OK,OK,OK,OK,OK,OK,OK,OK,OK,OK,OK,OK,OK,100.0,True,
ON,Technology,694,OK,OK,OK,OK,OK,OK,OK,OK,OK,OK,MISSING,OK,OK,OK,OK,OK,OK,OK,OK,OK,OK,OK,MISSING,OK,OK,OK,OK,92.6,True,
ORCL,Technology,535,OK,OK,OK,OK,OK,OK,OK,OK,OK,OK,OK,OK,OK,OK,OK,OK,OK,OK,OK,OK,OK,OK,OK,OK,OK,OK,OK,100.0,True,
ORLY,Consumer,446,OK,OK,OK,OK,OK,OK,OK,OK,OK,OK,MISSING,OK,OK,OK,OK,OK,OK,OK,OK,OK,OK,OK,OK,OK,OK,OK,OK,96.3,True,
OTIS,Industrials,408,OK,MISSING,MISSING,OK,OK,OK,OK,OK,OK,OK,OK,OK,OK,OK,OK,OK,OK,OK,OK,OK,OK,OK,THIN,OK,OK,OK,OK,92.6,True,
OXY,Energy,576,OK,OK,OK,OK,OK,OK,OK,OK,OK,OK,OK,OK,OK,OK,OK,OK,OK,OK,OK,OK,OK,OK,OK,OK,OK,OK,OK,100.0,True,
PANW,Technology,507,OK,OK,OK,OK,OK,OK,OK,OK,OK,OK,MISSING,OK,MISSING,OK,OK,OK,OK,OK,OK,OK,OK,OK,OK,OK,OK,OK,OK,92.6,True,
PAYX,Industrials,416,OK,OK,OK,OK,OK,OK,OK,OK,OK,OK,OK,OK,THIN,OK,OK,OK,OK,OK,OK,OK,OK,OK,MISSING,OK,OK,OK,OK,96.3,True,
PCAR,Industrials,496,OK,THIN,THIN,OK,OK,OK,OK,OK,OK,THIN,OK,OK,OK,OK,OK,OK,MISSING,MISSING,MISSING,OK,OK,MISSING,THIN,OK,MISSING,OK,THIN,81.5,True,
PCG,Utilities,516,OK,MISSING,MISSING,OK,MISSING,OK,OK,OK,OK,OK,OK,MISSING,OK,OK,OK,OK,OK,OK,OK,OK,OK,OK,OK,OK,OK,OK,MISSING,81.5,True,
PEG,Utilities,580,OK,OK,OK,OK,OK,OK,OK,OK,OK,OK,OK,OK,THIN,OK,OK,OK,OK,OK,OK,OK,OK,OK,THIN,OK,OK,MISSING,MISSING,92.6,True,
PEP,Consumer,612,OK,OK,OK,OK,OK,OK,OK,OK,OK,OK,OK,OK,OK,OK,OK,OK,OK,OK,OK,OK,OK,OK,OK,OK,MISSING,OK,OK,96.3,True,
PFE,Healthcare,667,OK,OK,OK,OK,OK,OK,OK,OK,OK,OK,OK,OK,OK,OK,OK,OK,OK,OK,OK,OK,OK,OK,OK,OK,OK,OK,OK,100.0,True,
PFG,Financials,673,OK,N/A,N/A,MISSING,MISSING,OK,OK,MISSING,MISSING,OK,OK,OK,OK,OK,OK,OK,N/A,N/A,N/A,OK,OK,OK,MISSING,OK,MISSING,OK,MISSING,74.1,True,
PG,Consumer,468,OK,OK,OK,OK,OK,OK,OK,OK,OK,OK,OK,OK,OK,OK,OK,OK,OK,OK,OK,OK,OK,OK,MISSING,OK,OK,OK,OK,96.3,True,
PGR,Financials,550,OK,N/A,N/A,OK,OK,OK,OK,OK,OK,OK,OK,OK,OK,OK,OK,OK,N/A,N/A,N/A,OK,OK,OK,OK,OK,MISSING,OK,MISSING,92.6,True,
PH,Industrials,571,OK,OK,OK,OK,OK,OK,OK,OK,OK,OK,OK,OK,OK,OK,OK,OK,OK,OK,OK,OK,OK,OK,OK,OK,THIN,OK,OK,100.0,True,
PHM,Consumer,430,OK,MISSING,MISSING,MISSING,MISSING,OK,OK,OK,OK,OK,OK,OK,OK,OK,OK,OK,MISSING,MISSING,MISSING,OK,OK,OK,OK,OK,OK,OK,OK,74.1,True,
PKG,Materials,559,OK,OK,OK,OK,OK,OK,OK,OK,OK,OK,OK,OK,OK,OK,OK,OK,OK,OK,OK,OK,OK,OK,MISSING,OK,OK,OK,OK,96.3,True,
PLD,REIT,586,OK,N/A,N/A,OK,OK,OK,OK,OK,OK,OK,OK,OK,OK,OK,OK,OK,N/A,N/A,N/A,OK,OK,OK,OK,OK,OK,OK,OK,100.0,True,
PLTR,Technology,356,OK,OK,OK,OK,OK,OK,OK,OK,OK,OK,MISSING,OK,OK,OK,OK,OK,OK,OK,OK,OK,OK,THIN,THIN,OK,OK,OK,OK,96.3,True,
PM,Consumer,566,OK,OK,OK,OK,OK,OK,OK,OK,OK,OK,OK,OK,OK,OK,OK,OK,OK,OK,OK,OK,OK,OK,MISSING,OK,OK,OK,OK,96.3,True,
PNC,Financials,965,OK,N/A,N/A,OK,OK,OK,OK,MISSING,MISSING,OK,OK,OK,MISSING,OK,OK,OK,N/A,N/A,N/A,OK,OK,OK,OK,OK,MISSING,OK,MISSING,81.5,True,
PNR,Industrials,633,OK,OK,OK,OK,OK,OK,OK,OK,OK,OK,OK,OK,OK,OK,OK,OK,OK,OK,OK,OK,OK,OK,MISSING,OK,MISSING,OK,OK,92.6,True,
PNW,Utilities,456,OK,THIN,THIN,OK,OK,OK,OK,OK,OK,OK,OK,OK,OK,OK,OK,OK,OK,OK,OK,OK,OK,OK,MISSING,OK,MISSING,OK,MISSING,88.9,True,
PODD,Healthcare,582,OK,OK,OK,OK,OK,OK,OK,OK,OK,OK,MISSING,THIN,OK,OK,OK,OK,OK,OK,OK,OK,OK,OK,OK,OK,OK,OK,OK,96.3,True,
PPG,Materials,753,OK,OK,OK,OK,OK,OK,OK,OK,OK,OK,OK,OK,OK,OK,OK,OK,OK,OK,OK,OK,OK,OK,MISSING,OK,OK,OK,OK,96.3,True,
PPL,Utilities,649,OK,MISSING,MISSING,OK,OK,OK,OK,OK,OK,OK,OK,OK,OK,OK,OK,OK,OK,OK,OK,OK,OK,OK,THIN,OK,OK,OK,MISSING,88.9,True,
PRU,Financials,902,OK,N/A,N/A,OK,OK,OK,OK,MISSING,MISSING,OK,OK,OK,MISSING,OK,OK,OK,N/A,N/A,N/A,OK,OK,OK,OK,OK,MISSING,MISSING,OK,81.5,True,
PSA,REIT,454,OK,N/A,N/A,OK,OK,OK,OK,OK,OK,OK,OK,THIN,MISSING,OK,OK,OK,N/A,N/A,N/A,OK,OK,OK,OK,OK,MISSING,MISSING,OK,88.9,True,
PSKY,Technology,333,THIN,MISSING,MISSING,THIN,THIN,THIN,THIN,THIN,THIN,THIN,THIN,MISSING,THIN,THIN,THIN,OK,THIN,THIN,THIN,THIN,THIN,THIN,MISSING,MISSING,THIN,THIN,THIN,81.5,True,
PSX,Energy,554,OK,OK,OK,OK,OK,OK,OK,MISSING,MISSING,OK,OK,OK,OK,OK,OK,OK,OK,OK,OK,OK,OK,OK,MISSING,OK,OK,OK,OK,88.9,True,
PTC,Technology,585,OK,OK,OK,OK,OK,OK,OK,OK,OK,OK,MISSING,OK,OK,OK,OK,OK,OK,OK,OK,OK,OK,OK,OK,OK,OK,OK,OK,96.3,True,
PWR,Industrials,648,OK,OK,OK,OK,OK,OK,OK,OK,OK,OK,OK,OK,THIN,OK,OK,OK,OK,OK,OK,OK,OK,OK,MISSING,OK,OK,OK,OK,96.3,True,
PYPL,Financials,500,OK,N/A,N/A,OK,OK,OK,OK,OK,OK,OK,THIN,OK,OK,OK,OK,OK,N/A,N/A,N/A,OK,OK,OK,OK,OK,OK,OK,OK,100.0,True,
Q,Technology,293,THIN,THIN,THIN,THIN,THIN,THIN,THIN,THIN,THIN,THIN,THIN,MISSING,MISSING,THIN,THIN,THIN,THIN,THIN,THIN,THIN,THIN,THIN,THIN,THIN,THIN,THIN,THIN,92.6,True,
QCOM,Technology,685,OK,OK,OK,OK,OK,OK,OK,OK,OK,OK,OK,OK,OK,OK,OK,OK,OK,OK,OK,OK,OK,OK,OK,OK,OK,OK,OK,100.0,True,
RCL,Consumer,453,OK,OK,OK,OK,OK,OK,OK,OK,OK,OK,OK,OK,OK,OK,OK,OK,OK,OK,OK,OK,OK,OK,OK,OK,OK,OK,OK,100.0,True,
REG,REIT,488,OK,N/A,N/A,OK,OK,OK,OK,OK,OK,OK,OK,OK,MISSING,OK,OK,OK,N/A,N/A,N/A,MISSING,OK,OK,THIN,OK,OK,OK,OK,92.6,True,
REGN,Healthcare,471,OK,OK,OK,OK,OK,OK,OK,OK,OK,OK,THIN,OK,THIN,OK,OK,OK,OK,OK,OK,OK,OK,OK,OK,THIN,OK,OK,OK,100.0,True,
RF,Financials,923,OK,N/A,N/A,OK,OK,OK,OK,MISSING,MISSING,OK,OK,OK,OK,OK,OK,OK,N/A,N/A,N/A,OK,OK,OK,OK,OK,MISSING,OK,MISSING,85.2,True,
RJF,Financials,765,OK,N/A,N/A,OK,OK,OK,OK,OK,OK,OK,OK,OK,OK,OK,OK,OK,N/A,N/A,N/A,OK,OK,OK,OK,OK,MISSING,OK,MISSING,92.6,True,
RL,Consumer,582,OK,OK,OK,OK,OK,OK,OK,OK,OK,OK,OK,OK,OK,OK,OK,OK,OK,OK,OK,OK,OK,OK,MISSING,MISSING,OK,OK,OK,92.6,True,
RMD,Healthcare,535,OK,OK,OK,OK,OK,OK,OK,OK,OK,OK,OK,OK,OK,OK,OK,OK,OK,OK,OK,OK,OK,OK,OK,OK,OK,OK,OK,100.0,True,
ROK,Industrials,637,OK,OK,OK,OK,OK,OK,OK,OK,OK,OK,OK,OK,OK,OK,OK,OK,OK,OK,OK,OK,OK,OK,MISSING,OK,OK,OK,OK,96.3,True,
ROL,Industrials,514,OK,OK,OK,OK,OK,OK,OK,OK,OK,OK,OK,OK,OK,OK,OK,OK,OK,OK,OK,OK,OK,THIN,OK,OK,OK,OK,OK,100.0,True,
ROP,Technology,487,OK,OK,OK,OK,OK,OK,OK,OK,OK,OK,OK,THIN,OK,OK,OK,OK,OK,OK,OK,OK,OK,OK,OK,OK,OK,OK,OK,100.0,True,
ROST,Consumer,342,OK,OK,OK,OK,OK,OK,OK,OK,OK,OK,OK,OK,OK,OK,OK,OK,OK,OK,OK,OK,OK,OK,MISSING,OK,OK,OK,OK,96.3,True,
RSG,Industrials,629,OK,OK,OK,OK,OK,OK,OK,OK,OK,OK,OK,OK,OK,OK,OK,OK,OK,OK,OK,OK,OK,OK,OK,OK,OK,OK,OK,100.0,True,
RTX,Industrials,735,OK,OK,OK,OK,OK,OK,OK,OK,OK,OK,OK,OK,OK,OK,OK,OK,OK,OK,OK,OK,OK,OK,OK,OK,OK,OK,OK,100.0,True,
RVTY,Healthcare,546,OK,OK,OK,OK,OK,OK,OK,OK,OK,OK,OK,OK,OK,OK,OK,OK,OK,OK,OK,OK,OK,OK,OK,OK,OK,OK,OK,100.0,True,
SBAC,REIT,590,OK,N/A,N/A,OK,OK,OK,OK,OK,OK,OK,OK,OK,OK,OK,OK,OK,N/A,N/A,N/A,OK,OK,OK,MISSING,OK,OK,OK,OK,96.3,True,
SBUX,Consumer,559,OK,OK,OK,OK,OK,OK,OK,OK,OK,OK,OK,OK,OK,OK,OK,OK,OK,OK,OK,OK,OK,OK,MISSING,OK,OK,OK,OK,96.3,True,
SCHW,Financials,790,OK,N/A,N/A,OK,OK,OK,OK,OK,OK,OK,OK,OK,OK,OK,OK,OK,N/A,N/A,N/A,OK,OK,OK,OK,OK,OK,OK,MISSING,96.3,True,
SHW,Materials,619,OK,OK,OK,OK,OK,OK,OK,OK,OK,OK,OK,OK,OK,OK,OK,OK,OK,OK,OK,OK,OK,OK,THIN,OK,OK,OK,OK,100.0,True,
SJM,Consumer,509,OK,OK,OK,OK,OK,OK,OK,OK,OK,OK,OK,OK,OK,OK,OK,OK,OK,OK,OK,OK,OK,OK,OK,OK,OK,OK,OK,100.0,True,
SLB,Energy,548,OK,OK,OK,OK,OK,OK,OK,OK,OK,OK,OK,OK,OK,OK,OK,OK,OK,OK,OK,OK,OK,OK,MISSING,OK,OK,OK,OK,96.3,True,
SMCI,Technology,478,OK,OK,OK,OK,OK,OK,OK,OK,OK,OK,MISSING,OK,OK,OK,OK,OK,OK,OK,OK,OK,OK,OK,MISSING,OK,OK,OK,OK,92.6,True,
SNA,Industrials,562,OK,OK,OK,OK,OK,OK,OK,OK,OK,OK,OK,OK,OK,OK,OK,OK,OK,OK,OK,OK,OK,OK,OK,OK,OK,OK,MISSING,96.3,True,
SNDK,Technology,230,THIN,THIN,THIN,THIN,THIN,THIN,THIN,THIN,THIN,THIN,MISSING,MISSING,THIN,THIN,THIN,THIN,THIN,THIN,THIN,THIN,THIN,THIN,MISSING,THIN,THIN,THIN,THIN,88.9,True,
SNPS,Technology,543,OK,OK,OK,OK,OK,OK,OK,OK,OK,OK,MISSING,OK,OK,OK,OK,OK,OK,OK,OK,OK,OK,OK,OK,OK,OK,OK,OK,96.3,True,
SO,Utilities,629,OK,MISSING,MISSING,OK,OK,OK,OK,OK,OK,OK,OK,OK,OK,OK,OK,OK,OK,OK,OK,OK,OK,OK,MISSING,OK,OK,OK,MISSING,85.2,True,
SOLV,Healthcare,263,THIN,MISSING,THIN,THIN,THIN,THIN,THIN,THIN,THIN,THIN,MISSING,MISSING,THIN,THIN,THIN,OK,THIN,THIN,THIN,THIN,OK,THIN,MISSING,OK,THIN,THIN,THIN,85.2,True,
SPG,REIT,409,OK,N/A,N/A,OK,OK,OK,OK,OK,OK,OK,OK,OK,OK,OK,OK,OK,N/A,N/A,N/A,OK,OK,OK,OK,THIN,MISSING,MISSING,OK,92.6,True,
SPGI,Financials,622,OK,N/A,N/A,OK,OK,OK,OK,OK,OK,OK,OK,OK,OK,OK,OK,OK,N/A,N/A,N/A,OK,OK,OK,MISSING,OK,OK,OK,OK,96.3,True,
SRE,Utilities,819,OK,MISSING,MISSING,OK,OK,OK,OK,OK,OK,OK,OK,OK,OK,OK,OK,OK,OK,OK,OK,OK,OK,OK,THIN,OK,OK,OK,MISSING,88.9,True,
STE,Healthcare,450,OK,OK,OK,OK,OK,OK,OK,OK,OK,OK,OK,OK,OK,OK,OK,OK,OK,OK,OK,OK,OK,OK,OK,OK,OK,OK,OK,100.0,True,
STLD,Materials,358,OK,OK,OK,OK,OK,OK,OK,OK,OK,OK,OK,OK,OK,OK,OK,OK,OK,OK,OK,OK,OK,OK,MISSING,OK,OK,OK,OK,96.3,True,
STT,Financials,866,OK,N/A,N/A,OK,OK,OK,OK,OK,OK,OK,OK,OK,OK,OK,OK,OK,N/A,N/A,N/A,OK,OK,OK,THIN,OK,OK,OK,MISSING,96.3,True,
STX,Technology,534,OK,OK,OK,OK,OK,OK,OK,OK,OK,OK,OK,OK,OK,OK,OK,OK,OK,OK,OK,OK,OK,OK,OK,OK,OK,OK,OK,100.0,True,
STZ,Consumer,657,OK,OK,OK,OK,OK,OK,OK,OK,OK,OK,OK,OK,OK,OK,OK,OK,OK,OK,OK,OK,OK,OK,OK,MISSING,OK,OK,OK,96.3,True,
SW,Materials,332,THIN,THIN,THIN,THIN,THIN,THIN,THIN,THIN,THIN,THIN,THIN,THIN,THIN,THIN,THIN,OK,THIN,THIN,THIN,THIN,OK,THIN,THIN,THIN,THIN,THIN,THIN,100.0,True,
SWK,Industrials,766,OK,OK,OK,OK,OK,OK,OK,OK,OK,OK,OK,OK,OK,OK,OK,OK,OK,OK,OK,OK,OK,OK,OK,OK,MISSING,OK,OK,96.3,True,
SWKS,Technology,512,OK,OK,OK,OK,OK,OK,OK,OK,OK,OK,OK,OK,OK,OK,OK,OK,OK,OK,OK,OK,OK,OK,OK,OK,OK,OK,OK,100.0,True,
SYF,Financials,351,MISSING,N/A,N/A,OK,OK,OK,OK,MISSING,MISSING,OK,OK,OK,MISSING,OK,OK,OK,N/A,N/A,N/A,OK,OK,OK,OK,OK,MISSING,MISSING,MISSING,74.1,False,revenue
SYK,Healthcare,594,OK,OK,OK,OK,OK,OK,OK,OK,OK,OK,OK,OK,OK,OK,OK,OK,OK,OK,OK,OK,OK,OK,MISSING,OK,OK,OK,OK,96.3,True,
SYY,Consumer,528,OK,OK,OK,OK,OK,OK,OK,OK,OK,OK,OK,OK,OK,OK,OK,OK,OK,OK,OK,MISSING,OK,OK,OK,OK,THIN,OK,MISSING,92.6,True,
T,Technology,713,OK,OK,OK,OK,OK,OK,OK,OK,OK,OK,OK,OK,OK,OK,OK,OK,OK,OK,OK,OK,OK,OK,THIN,OK,OK,OK,OK,100.0,True,
TAP,Consumer,672,OK,OK,OK,OK,OK,OK,OK,OK,OK,OK,OK,OK,OK,OK,OK,OK,OK,OK,OK,OK,OK,OK,OK,MISSING,OK,OK,OK,96.3,True,
TDG,Industrials,541,OK,OK,OK,OK,OK,OK,OK,OK,OK,OK,OK,OK,OK,OK,OK,OK,OK,OK,OK,OK,OK,OK,MISSING,OK,OK,OK,OK,96.3,True,
TDY,Technology,607,OK,OK,OK,OK,OK,OK,OK,OK,OK,OK,MISSING,OK,THIN,OK,OK,OK,OK,OK,OK,OK,OK,OK,OK,OK,OK,OK,OK,96.3,True,
TECH,Healthcare,490,OK,OK,OK,OK,OK,OK,OK,OK,OK,OK,OK,OK,MISSING,OK,OK,OK,OK,OK,OK,OK,OK,OK,MISSING,OK,OK,OK,OK,92.6,True,
TEL,Technology,473,OK,OK,OK,OK,OK,OK,OK,OK,OK,OK,OK,OK,OK,OK,OK,OK,OK,OK,OK,OK,OK,OK,MISSING,OK,OK,OK,OK,96.3,True,
TER,Technology,741,OK,OK,OK,OK,OK,OK,OK,OK,OK,OK,OK,OK,OK,OK,OK,OK,OK,OK,OK,OK,OK,OK,MISSING,OK,OK,OK,OK,96.3,True,
TFC,Financials,852,OK,N/A,N/A,OK,OK,OK,OK,OK,OK,OK,OK,OK,OK,OK,OK,OK,N/A,N/A,N/A,OK,OK,OK,THIN,OK,MISSING,OK,MISSING,92.6,True,
TGT,Consumer,528,OK,OK,OK,OK,OK,OK,OK,OK,OK,OK,OK,OK,OK,OK,OK,OK,OK,OK,OK,OK,OK,OK,MISSING,OK,MISSING,OK,OK,92.6,True,
TJX,Consumer,507,OK,OK,OK,OK,OK,OK,OK,OK,OK,OK,OK,OK,OK,OK,OK,OK,OK,OK,OK,OK,OK,OK,OK,OK,OK,OK,OK,100.0,True,
TKO,Technology,343,OK,MISSING,MISSING,OK,OK,OK,OK,MISSING,MISSING,OK,THIN,THIN,OK,THIN,THIN,OK,THIN,THIN,THIN,THIN,OK,THIN,MISSING,MISSING,THIN,THIN,OK,77.8,True,
TMO,Healthcare,674,OK,OK,OK,OK,OK,OK,OK,OK,OK,OK,OK,OK,OK,OK,OK,OK,OK,OK,OK,OK,OK,OK,THIN,OK,OK,OK,OK,100.0,True,
TMUS,Technology,722,OK,OK,OK,OK,OK,OK,OK,OK,OK,OK,OK,OK,OK,OK,OK,OK,OK,OK,OK,OK,OK,OK,OK,OK,OK,OK,OK,100.0,True,
TPL,Energy,286,OK,MISSING,MISSING,OK,OK,OK,OK,OK,OK,THIN,OK,OK,MISSING,OK,OK,OK,OK,OK,OK,OK,OK,MISSING,OK,OK,MISSING,OK,OK,81.5,True,
TPR,Consumer,563,OK,OK,OK,OK,OK,OK,OK,OK,OK,OK,OK,OK,OK,OK,OK,OK,OK,OK,OK,OK,OK,OK,OK,OK,OK,OK,OK,100.0,True,
TRGP,Energy,609,OK,OK,OK,OK,OK,OK,OK,OK,OK,OK,OK,OK,OK,OK,OK,OK,OK,OK,OK,OK,OK,OK,OK,OK,OK,OK,OK,100.0,True,
TRMB,Technology,622,OK,OK,OK,OK,OK,OK,OK,OK,OK,OK,MISSING,OK,OK,OK,OK,OK,OK,OK,OK,OK,OK,OK,OK,OK,OK,OK,OK,96.3,True,
TROW,Financials,401,OK,N/A,N/A,OK,OK,OK,OK,OK,OK,OK,OK,OK,MISSING,OK,OK,OK,N/A,N/A,N/A,MISSING,OK,MISSING,OK,OK,OK,OK,MISSING,85.2,True,
TRV,Financials,549,OK,N/A,N/A,OK,OK,OK,OK,MISSING,MISSING,OK,OK,OK,OK,OK,OK,OK,N/A,N/A,N/A,OK,OK,OK,THIN,OK,MISSING,MISSING,OK,85.2,True,
TSCO,Consumer,388,OK,OK,OK,OK,OK,OK,OK,OK,OK,OK,OK,OK,MISSING,OK,OK,OK,OK,OK,OK,OK,OK,OK,OK,OK,MISSING,OK,OK,92.6,True,
TSLA,Consumer,643,OK,OK,OK,OK,OK,OK,OK,OK,OK,OK,MISSING,MISSING,OK,OK,OK,OK,OK,OK,OK,OK,OK,OK,OK,OK,OK,OK,OK,92.6,True,
TSN,Consumer,547,OK,OK,OK,OK,OK,OK,OK,OK,OK,OK,OK,OK,OK,OK,OK,OK,OK,OK,OK,OK,OK,OK,MISSING,MISSING,OK,OK,OK,92.6,True,
TT,Industrials,624,OK,OK,OK,OK,OK,OK,OK,OK,OK,OK,OK,OK,OK,OK,OK,OK,OK,OK,OK,OK,OK,OK,MISSING,OK,OK,OK,OK,96.3,True,
TTD,Technology,302,OK,OK,OK,OK,OK,OK,OK,OK,OK,OK,MISSING,OK,MISSING,OK,OK,OK,OK,OK,OK,OK,OK,MISSING,OK,MISSING,OK,OK,OK,85.2,True,
TTWO,Technology,532,OK,OK,OK,OK,OK,OK,OK,OK,OK,OK,MISSING,OK,THIN,OK,OK,OK,OK,OK,OK,OK,OK,OK,OK,OK,OK,OK,OK,96.3,True,
TXN,Technology,482,OK,OK,OK,OK,OK,OK,OK,OK,OK,OK,OK,OK,OK,OK,OK,OK,OK,OK,OK,OK,OK,OK,OK,OK,OK,OK,OK,100.0,True,
TXT,Industrials,531,OK,OK,OK,OK,OK,OK,OK,OK,OK,OK,OK,OK,OK,OK,OK,OK,MISSING,MISSING,MISSING,OK,OK,MISSING,MISSING,OK,MISSING,OK,OK,77.8,True,
TYL,Technology,482,OK,OK,OK,OK,OK,OK,OK,OK,OK,OK,MISSING,OK,MISSING,OK,OK,OK,OK,OK,OK,OK,OK,OK,OK,OK,OK,OK,OK,92.6,True,
UAL,Industrials,618,OK,MISSING,MISSING,OK,OK,OK,OK,OK,OK,OK,MISSING,OK,OK,OK,OK,OK,OK,OK,OK,OK,OK,OK,OK,OK,OK,OK,MISSING,85.2,True,
UBER,Industrials,483,OK,MISSING,MISSING,OK,OK,OK,OK,OK,OK,OK,MISSING,OK,OK,OK,OK,OK,OK,OK,OK,OK,OK,OK,THIN,OK,OK,OK,OK,88.9,True,
UDR,REIT,555,OK,N/A,N/A,OK,OK,OK,OK,OK,OK,OK,OK,OK,MISSING,OK,OK,OK,N/A,N/A,N/A,MISSING,OK,OK,THIN,OK,MISSING,MISSING,OK,85.2,True,
UHS,Healthcare,572,OK,MISSING,MISSING,OK,OK,OK,OK,OK,OK,OK,OK,OK,OK,OK,OK,OK,OK,OK,OK,OK,OK,OK,MISSING,MISSING,OK,OK,MISSING,81.5,True,
ULTA,Consumer,339,OK,OK,OK,OK,OK,OK,OK,OK,OK,OK,THIN,OK,THIN,OK,OK,OK,OK,OK,OK,OK,OK,MISSING,MISSING,OK,OK,OK,OK,92.6,True,
UNH,Healthcare,573,OK,OK,OK,OK,OK,OK,OK,OK,OK,OK,OK,OK,OK,OK,OK,OK,OK,OK,OK,OK,OK,OK,OK,OK,OK,OK,OK,100.0,True,
UNP,Industrials,449,OK,MISSING,MISSING,OK,OK,OK,OK,OK,OK,OK,OK,OK,THIN,OK,OK,OK,OK,OK,OK,OK,OK,OK,MISSING,OK,OK,OK,MISSING,85.2,True,
UPS,Industrials,583,OK,MISSING,MISSING,OK,OK,OK,OK,OK,OK,OK,OK,OK,OK,OK,OK,OK,OK,OK,OK,OK,OK,OK,MISSING,MISSING,OK,OK,MISSING,81.5,True,
URI,Industrials,409,OK,OK,OK,OK,OK,OK,OK,OK,OK,OK,OK,OK,MISSING,OK,OK,OK,OK,OK,OK,OK,OK,OK,MISSING,OK,OK,OK,OK,92.6,True,
USB,Financials,909,OK,N/A,N/A,OK,OK,OK,OK,MISSING,MISSING,OK,OK,OK,OK,OK,OK,OK,N/A,N/A,N/A,OK,OK,OK,THIN,OK,MISSING,OK,MISSING,85.2,True,
V,Financials,626,OK,N/A,N/A,OK,OK,OK,OK,OK,OK,OK,OK,OK,OK,OK,OK,OK,N/A,N/A,N/A,OK,OK,OK,OK,MISSING,OK,OK,OK,96.3,True,
VEEV,Healthcare,407,OK,OK,OK,OK,OK,OK,OK,OK,OK,MISSING,MISSING,THIN,MISSING,OK,OK,OK,OK,OK,OK,OK,OK,MISSING,MISSING,OK,OK,OK,OK,81.5,True,
VICI,REIT,371,OK,N/A,N/A,OK,OK,OK,OK,OK,OK,OK,OK,MISSING,OK,OK,OK,OK,N/A,N/A,N/A,OK,OK,OK,OK,OK,MISSING,OK,OK,92.6,True,
VLO,Energy,701,OK,OK,OK,OK,OK,OK,OK,OK,OK,OK,OK,OK,THIN,OK,OK,OK,OK,OK,OK,OK,OK,OK,MISSING,OK,OK,OK,OK,96.3,True,
VLTO,Industrials,289,OK,OK,OK,OK,OK,OK,OK,OK,OK,OK,THIN,MISSING,MISSING,OK,THIN,THIN,THIN,THIN,THIN,THIN,OK,THIN,THIN,OK,THIN,OK,OK,92.6,True,
VMC,Materials,734,OK,OK,OK,OK,OK,OK,OK,OK,OK,OK,OK,OK,OK,OK,OK,OK,OK,OK,OK,OK,OK,OK,MISSING,OK,OK,OK,OK,96.3,True,
VRSK,Industrials,756,OK,OK,OK,OK,OK,OK,OK,OK,OK,OK,OK,OK,OK,OK,OK,OK,OK,OK,OK,OK,OK,OK,MISSING,OK,OK,OK,OK,96.3,True,
VRSN,Technology,516,OK,OK,OK,OK,OK,OK,OK,OK,OK,OK,OK,OK,OK,OK,OK,OK,OK,OK,OK,OK,OK,OK,OK,OK,OK,OK,OK,100.0,True,
VRT,Industrials,439,OK,OK,OK,OK,OK,OK,OK,OK,OK,OK,OK,THIN,OK,OK,OK,OK,OK,OK,OK,OK,OK,OK,OK,OK,OK,OK,OK,100.0,True,
VRTX,Healthcare,641,OK,OK,OK,OK,OK,OK,OK,OK,OK,OK,MISSING,OK,OK,OK,OK,OK,OK,OK,OK,OK,OK,MISSING,OK,OK,OK,OK,OK,92.6,True,
VST,Utilities,508,OK,MISSING,MISSING,OK,OK,OK,OK,OK,OK,OK,OK,OK,OK,OK,OK,OK,OK,OK,OK,OK,OK,OK,OK,OK,OK,OK,OK,92.6,True,
VTR,REIT,637,OK,N/A,N/A,OK,OK,OK,OK,OK,OK,OK,OK,MISSING,MISSING,OK,OK,OK,N/A,N/A,N/A,OK,OK,OK,OK,OK,THIN,MISSING,OK,88.9,True,
VTRS,Healthcare,410,OK,OK,OK,OK,OK,OK,OK,OK,OK,OK,OK,OK,OK,OK,OK,OK,OK,OK,OK,OK,OK,OK,MISSING,THIN,OK,OK,OK,96.3,True,
VZ,Technology,677,OK,OK,OK,OK,OK,OK,OK,OK,OK,OK,OK,THIN,OK,OK,OK,OK,OK,OK,OK,OK,OK,OK,OK,OK,OK,OK,OK,100.0,True,
WAB,Industrials,533,OK,OK,OK,OK,OK,OK,OK,OK,OK,OK,OK,OK,OK,OK,OK,OK,OK,OK,OK,OK,OK,OK,OK,OK,OK,OK,OK,100.0,True,
WAT,Healthcare,535,OK,OK,OK,OK,OK,OK,OK,THIN,THIN,OK,MISSING,OK,OK,OK,OK,OK,OK,OK,OK,OK,OK,OK,OK,OK,OK,OK,OK,96.3,True,
WBD,Technology,863,OK,OK,OK,OK,OK,OK,OK,OK,OK,OK,MISSING,OK,OK,OK,OK,OK,OK,OK,OK,OK,OK,OK,THIN,OK,OK,OK,OK,96.3,True,
WDAY,Technology,514,OK,THIN,THIN,OK,OK,OK,OK,OK,OK,OK,MISSING,OK,THIN,OK,OK,OK,OK,OK,OK,OK,OK,OK,OK,THIN,OK,OK,OK,96.3,True,
WDC,Technology,692,OK,OK,OK,OK,OK,OK,OK,OK,OK,OK,OK,OK,OK,OK,OK,OK,OK,OK,OK,OK,OK,OK,OK,OK,OK,OK,OK,100.0,True,
WEC,Utilities,649,OK,OK,OK,OK,OK,OK,OK,OK,OK,OK,OK,OK,OK,OK,OK,OK,OK,OK,OK,OK,OK,OK,OK,OK,OK,OK,MISSING,96.3,True,
WELL,REIT,667,OK,N/A,N/A,OK,OK,OK,OK,OK,OK,OK,OK,OK,MISSING,OK,OK,OK,N/A,N/A,N/A,OK,OK,OK,OK,OK,OK,MISSING,OK,92.6,True,
WFC,Financials,937,OK,N/A,N/A,OK,OK,OK,OK,MISSING,MISSING,OK,OK,OK,OK,OK,OK,OK,N/A,N/A,N/A,OK,OK,OK,OK,OK,OK,OK,MISSING,88.9,True,
WM,Industrials,641,OK,OK,OK,OK,OK,OK,OK,OK,OK,OK,OK,OK,OK,OK,OK,OK,OK,OK,OK,OK,OK,OK,MISSING,OK,OK,OK,OK,96.3,True,
WMB,Energy,670,OK,THIN,THIN,OK,OK,OK,OK,OK,OK,OK,OK,OK,OK,OK,OK,OK,OK,OK,OK,OK,OK,OK,OK,OK,OK,OK,OK,100.0,True,
WMT,Consumer,478,OK,OK,OK,OK,OK,OK,OK,OK,OK,OK,OK,OK,OK,OK,OK,OK,OK,OK,OK,OK,OK,OK,THIN,THIN,OK,OK,OK,100.0,True,
WRB,Financials,558,OK,N/A,N/A,OK,OK,OK,OK,OK,OK,OK,OK,OK,OK,OK,OK,OK,N/A,N/A,N/A,OK,OK,MISSING,OK,OK,MISSING,OK,MISSING,88.9,True,
WSM,Consumer,352,OK,THIN,OK,OK,OK,OK,OK,OK,OK,OK,OK,OK,OK,OK,OK,OK,OK,OK,OK,OK,OK,OK,OK,OK,OK,OK,OK,100.0,True,
WST,Healthcare,653,OK,OK,OK,OK,OK,OK,OK,OK,OK,OK,OK,OK,OK,OK,OK,OK,OK,OK,OK,OK,OK,OK,OK,OK,OK,OK,OK,100.0,True,
WTW,Financials,777,OK,N/A,N/A,OK,OK,OK,OK,OK,OK,OK,OK,OK,OK,OK,OK,OK,N/A,N/A,N/A,OK,OK,OK,OK,MISSING,OK,OK,MISSING,92.6,True,
WY,REIT,662,OK,N/A,N/A,OK,OK,OK,OK,OK,OK,OK,OK,OK,OK,OK,OK,OK,N/A,N/A,N/A,OK,OK,OK,OK,OK,OK,OK,OK,100.0,True,
WYNN,Consumer,553,OK,MISSING,MISSING,OK,OK,OK,OK,OK,OK,OK,OK,OK,OK,OK,OK,OK,OK,OK,OK,OK,OK,OK,OK,OK,OK,OK,OK,92.6,True,
XEL,Utilities,546,OK,THIN,THIN,OK,OK,OK,OK,OK,OK,OK,OK,OK,OK,OK,OK,OK,OK,OK,OK,OK,OK,OK,THIN,OK,OK,OK,MISSING,96.3,True,
XOM,Energy,94,MISSING,MISSING,MISSING,MISSING,MISSING,MISSING,MISSING,MISSING,MISSING,MISSING,MISSING,MISSING,MISSING,MISSING,MISSING,MISSING,MISSING,MISSING,MISSING,MISSING,MISSING,MISSING,MISSING,MISSING,MISSING,MISSING,MISSING,0.0,False,"revenue,net_income,total_assets,equity,cash"
XYL,Industrials,570,OK,OK,OK,OK,OK,OK,OK,OK,OK,OK,OK,OK,OK,OK,OK,OK,OK,OK,OK,OK,OK,OK,MISSING,OK,OK,OK,OK,96.3,True,
XYZ,Financials,503,OK,N/A,N/A,OK,OK,OK,OK,OK,OK,OK,MISSING,OK,THIN,OK,OK,OK,N/A,N/A,N/A,OK,OK,OK,OK,MISSING,OK,OK,OK,92.6,True,
YUM,Consumer,616,OK,OK,OK,OK,OK,OK,OK,OK,OK,OK,OK,OK,OK,OK,OK,OK,OK,OK,OK,OK,OK,OK,MISSING,OK,MISSING,OK,OK,92.6,True,
ZBH,Healthcare,650,OK,OK,OK,OK,OK,OK,OK,OK,OK,OK,OK,OK,OK,OK,OK,OK,OK,OK,OK,OK,OK,OK,MISSING,OK,OK,OK,OK,96.3,True,
ZBRA,Technology,700,OK,OK,OK,OK,OK,OK,OK,OK,OK,OK,MISSING,OK,OK,OK,OK,OK,OK,OK,OK,OK,OK,OK,OK,OK,OK,OK,OK,96.3,True,
ZTS,Healthcare,534,OK,OK,OK,OK,OK,OK,OK,OK,OK,OK,OK,OK,OK,OK,OK,OK,OK,OK,OK,OK,OK,OK,OK,OK,OK,OK,OK,100.0,True,
